ds,y
2024-04-11 11:10:40.413583,0
2024-04-12 14:57:20.413583,4
2024-04-13 18:44:00.413583,18
2024-04-14 22:30:40.413583,404
2024-04-16 02:17:20.413583,404
2024-04-17 06:04:00.413583,407
2024-04-18 09:50:40.413583,404
2024-04-19 13:37:20.413583,403
2024-04-20 17:24:00.413583,401
2024-04-21 21:10:40.413583,401
2024-04-23 00:57:20.413583,400
2024-04-24 04:44:00.413583,417
2024-04-25 08:30:40.413583,400
2024-04-26 12:17:20.413583,404
2024-04-27 16:04:00.413583,401
2024-04-28 19:50:40.413583,403
2024-04-29 23:37:20.413583,415
2024-05-01 03:24:00.413583,401
2024-05-02 07:10:40.413583,403
2024-05-03 10:57:20.413583,401
2024-05-04 14:44:00.413583,399
2024-05-05 18:30:40.413583,414
2024-05-06 22:17:20.413583,405
2024-05-08 02:04:00.413583,400
2024-05-09 05:50:40.413583,403
2024-05-10 09:37:20.413583,402
2024-05-11 13:24:00.413583,420
2024-05-12 17:10:40.413583,398
2024-05-13 20:57:20.413583,394
2024-05-15 00:44:00.413583,391
2024-05-16 04:30:40.413583,389
2024-05-17 08:17:20.413583,360
2024-05-18 12:04:00.413583,379
2024-05-19 15:50:40.413583,369
2024-05-20 19:37:20.413583,379
2024-05-21 23:24:00.413583,386
2024-05-23 03:10:40.413583,404
2024-05-24 06:57:20.413583,410
2024-05-25 10:44:00.413583,406
2024-05-26 14:30:40.413583,393
2024-05-27 18:17:20.413583,379
2024-05-28 22:04:00.413583,385
2024-05-30 01:50:40.413583,398
2024-05-31 05:37:20.413583,362
2024-06-01 09:24:00.413583,369
2024-06-02 13:10:40.413583,371
2024-06-03 16:57:20.413583,394
2024-06-04 20:44:00.413583,379
2024-06-06 00:30:40.413583,378
2024-06-07 04:17:20.413583,382
2024-06-08 08:04:00.413583,375
2024-06-09 11:50:40.413583,390
2024-06-10 15:37:20.413583,430
2024-06-11 19:24:00.413583,422
2024-06-12 23:10:40.413583,395
2024-06-14 02:57:20.413583,391
2024-06-15 06:44:00.413583,380
2024-06-16 10:30:40.413583,354
2024-06-17 14:17:20.413583,405
2024-06-18 18:04:00.413583,413
2024-06-19 21:50:40.413583,327
2024-06-21 01:37:20.413583,393
2024-06-22 05:24:00.413583,340
2024-06-23 09:10:40.413583,363
2024-06-24 12:57:20.413583,345
2024-06-25 16:44:00.413583,354
2024-06-26 20:30:40.413583,356
2024-06-28 00:17:20.413583,414
2024-06-29 04:04:00.413583,376
2024-06-30 07:50:40.413583,381
2024-07-01 11:37:20.413583,362
2024-07-02 15:24:00.413583,348
2024-07-03 19:10:40.413583,360
2024-07-04 22:57:20.413583,333
2024-07-06 02:44:00.413583,366
2024-07-07 06:30:40.413583,369
2024-07-08 10:17:20.413583,369
2024-07-09 14:04:00.413583,348
2024-07-10 17:50:40.413583,361
2024-07-11 21:37:20.413583,343
2024-07-13 01:24:00.413583,363
2024-07-14 05:10:40.413583,368
2024-07-15 08:57:20.413583,357
2024-07-16 12:44:00.413583,428
2024-07-17 16:30:40.413583,376
2024-07-18 20:17:20.413583,394
2024-07-20 00:04:00.413583,329
2024-07-21 03:50:40.413583,341
2024-07-22 07:37:20.413583,404
2024-07-23 11:24:00.413583,342
2024-07-24 15:10:40.413583,372
2024-07-25 18:57:20.413583,429
2024-07-26 22:44:00.413583,392
2024-07-28 02:30:40.413583,421
2024-07-29 06:17:20.413583,419
2024-07-30 10:04:00.413583,406
2024-07-31 13:50:40.413583,359
2024-08-01 17:37:20.413583,348
2024-08-02 21:24:00.413583,373
2024-08-04 01:10:40.413583,389
2024-08-05 04:57:20.413583,380
2024-08-06 08:44:00.413583,378
2024-08-07 12:30:40.413583,425
2024-08-08 16:17:20.413583,380
2024-08-09 20:04:00.413583,414
2024-08-10 23:50:40.413583,401
2024-08-12 03:37:20.413583,401
2024-08-13 07:24:00.413583,404
2024-08-14 11:10:40.413583,470
2024-08-15 14:57:20.413583,390
2024-08-16 18:44:00.413583,371
2024-08-17 22:30:40.413583,383
2024-08-19 02:17:20.413583,385
2024-08-20 06:04:00.413583,382
2024-08-21 09:50:40.413583,394
2024-08-22 13:37:20.413583,375
2024-08-23 17:24:00.413583,364
2024-08-24 21:10:40.413583,360
2024-08-26 00:57:20.413583,357
2024-08-27 04:44:00.413583,401
2024-08-28 08:30:40.413583,364
2024-08-29 12:17:20.413583,437
2024-08-30 16:04:00.413583,334
2024-08-31 19:50:40.413583,353
2024-09-01 23:37:20.413583,363
2024-09-03 03:24:00.413583,364
2024-09-04 07:10:40.413583,404
2024-09-05 10:57:20.413583,362
2024-09-06 14:44:00.413583,356
2024-09-07 18:30:40.413583,337
2024-09-08 22:17:20.413583,371
2024-09-10 02:04:00.413583,378
2024-09-11 05:50:40.413583,375
2024-09-12 09:37:20.413583,440
2024-09-13 13:24:00.413583,415
2024-09-14 17:10:40.413583,399
2024-09-15 20:57:20.413583,393
2024-09-17 00:44:00.413583,351
2024-09-18 04:30:40.413583,395
2024-09-19 08:17:20.413583,393
2024-09-20 12:04:00.413583,374
2024-09-21 15:50:40.413583,365
2024-09-22 19:37:20.413583,359
2024-09-23 23:24:00.413583,345
2024-09-25 03:10:40.413583,387
2024-09-26 06:57:20.413583,341
2024-09-27 10:44:00.413583,357
2024-09-28 14:30:40.413583,337
2024-09-29 18:17:20.413583,365
2024-09-30 22:04:00.413583,344
2024-10-02 01:50:40.413583,384
2024-10-03 05:37:20.413583,385
2024-10-04 09:24:00.413583,368
2024-10-05 13:10:40.413583,360
2024-10-06 16:57:20.413583,385
2024-10-07 20:44:00.413583,377
2024-10-09 00:30:40.413583,381
2024-10-10 04:17:20.413583,362
2024-10-11 08:04:00.413583,444
2024-10-12 11:50:40.413583,369
2024-10-13 15:37:20.413583,366
2024-10-14 19:24:00.413583,326
2024-10-15 23:10:40.413583,385
2024-10-17 02:57:20.413583,365
2024-10-18 06:44:00.413583,358
2024-10-19 10:30:40.413583,370
2024-10-20 14:17:20.413583,351
2024-10-21 18:04:00.413583,346
2024-10-22 21:50:40.413583,389
2024-10-24 01:37:20.413583,368
2024-10-25 05:24:00.413583,330
2024-10-26 09:10:40.413583,368
2024-10-27 12:57:20.413583,379
2024-10-28 16:44:00.413583,365
2024-10-29 20:30:40.413583,383
2024-10-31 00:17:20.413583,370
2024-11-01 04:04:00.413583,393
2024-11-02 07:50:40.413583,377
2024-11-03 11:37:20.413583,368
2024-11-04 15:24:00.413583,377
2024-11-05 19:10:40.413583,380
2024-11-06 22:57:20.413583,371
2024-11-08 02:44:00.413583,391
2024-11-09 06:30:40.413583,431
2024-11-10 10:17:20.413583,397
2024-11-11 14:04:00.413583,438
2024-11-12 17:50:40.413583,362
2024-11-13 21:37:20.413583,356
2024-11-15 01:24:00.413583,358
2024-11-16 05:10:40.413583,361
2024-11-17 08:57:20.413583,366
2024-11-18 12:44:00.413583,421
2024-11-19 16:30:40.413583,381
2024-11-20 20:17:20.413583,406
2024-11-22 00:04:00.413583,368
2024-11-23 03:50:40.413583,387
2024-11-24 07:37:20.413583,366
2024-11-25 11:24:00.413583,403
2024-11-26 15:10:40.413583,407
2024-11-27 18:57:20.413583,400
2024-11-28 22:44:00.413583,395
2024-11-30 02:30:40.413583,404
2024-12-01 06:17:20.413583,400
2024-12-02 10:04:00.413583,383
2024-12-03 13:50:40.413583,385
2024-12-04 17:37:20.413583,388
2024-12-05 21:24:00.413583,397
2024-12-07 01:10:40.413583,373
2024-12-08 04:57:20.413583,448
2024-12-09 08:44:00.413583,390
2024-12-10 12:30:40.413583,381
2024-12-11 16:17:20.413583,370
2024-12-12 20:04:00.413583,383
2024-12-13 23:50:40.413583,357
2024-12-15 03:37:20.413583,392
2024-12-16 07:24:00.413583,377
2024-12-17 11:10:40.413583,372
2024-12-18 14:57:20.413583,366
2024-12-19 18:44:00.413583,377
2024-12-20 22:30:40.413583,351
2024-12-22 02:17:20.413583,372
2024-12-23 06:04:00.413583,358
2024-12-24 09:50:40.413583,376
2024-12-25 13:37:20.413583,394
2024-12-26 17:24:00.413583,383
2024-12-27 21:10:40.413583,410
2024-12-29 00:57:20.413583,412
2024-12-30 04:44:00.413583,392
2024-12-31 08:30:40.413583,400
2025-01-01 12:17:20.413583,361
2025-01-02 16:04:00.413583,352
2025-01-03 19:50:40.413583,367
2025-01-04 23:37:20.413583,353
2025-01-06 03:24:00.413583,428
2025-01-07 07:10:40.413583,454
2025-01-08 10:57:20.413583,395
2025-01-09 14:44:00.413583,398
2025-01-10 18:30:40.413583,368
2025-01-11 22:17:20.413583,360
2025-01-13 02:04:00.413583,363
2025-01-14 05:50:40.413583,334
2025-01-15 09:37:20.413583,358
2025-01-16 13:24:00.413583,347
2025-01-17 17:10:40.413583,383
2025-01-18 20:57:20.413583,478
2025-01-20 00:44:00.413583,419
2025-01-21 04:30:40.413583,376
2025-01-22 08:17:20.413583,424
2025-01-23 12:04:00.413583,420
2025-01-24 15:50:40.413583,394
2025-01-25 19:37:20.413583,415
2025-01-26 23:24:00.413583,447
2025-01-28 03:10:40.413583,362
2025-01-29 06:57:20.413583,407
2025-01-30 10:44:00.413583,338
2025-01-31 14:30:40.413583,318
2025-02-01 18:17:20.413583,1132
2025-02-02 22:04:00.413583,397
2025-02-04 01:50:40.413583,443
2025-02-05 05:37:20.413583,363
2025-02-06 09:24:00.413583,381
2025-02-07 13:10:40.413583,358
2025-02-08 16:57:20.413583,398
2025-02-09 20:44:00.413583,387
2025-02-11 00:30:40.413583,0
2025-02-12 04:17:20.413583,4
2025-02-13 08:04:00.413583,18
2025-02-14 11:50:40.413583,404
2025-02-15 15:37:20.413583,404
2025-02-16 19:24:00.413583,407
2025-02-17 23:10:40.413583,404
2025-02-19 02:57:20.413583,403
2025-02-20 06:44:00.413583,401
2025-02-21 10:30:40.413583,401
2025-02-22 14:17:20.413583,400
2025-02-23 18:04:00.413583,417
2025-02-24 21:50:40.413583,400
2025-02-26 01:37:20.413583,404
2025-02-27 05:24:00.413583,401
2025-02-28 09:10:40.413583,403
2025-03-01 12:57:20.413583,415
2025-03-02 16:44:00.413583,401
2025-03-03 20:30:40.413583,403
2025-03-05 00:17:20.413583,401
2025-03-06 04:04:00.413583,399
2025-03-07 07:50:40.413583,414
2025-03-08 11:37:20.413583,405
2025-03-09 15:24:00.413583,400
2025-03-10 19:10:40.413583,403
2025-03-11 22:57:20.413583,402
2025-03-13 02:44:00.413583,420
2025-03-14 06:30:40.413583,398
2025-03-15 10:17:20.413583,394
2025-03-16 14:04:00.413583,391
2025-03-17 17:50:40.413583,389
2025-03-18 21:37:20.413583,360
2025-03-20 01:24:00.413583,379
2025-03-21 05:10:40.413583,369
2025-03-22 08:57:20.413583,379
2025-03-23 12:44:00.413583,386
2025-03-24 16:30:40.413583,404
2025-03-25 20:17:20.413583,410
2025-03-27 00:04:00.413583,406
2025-03-28 03:50:40.413583,393
2025-03-29 07:37:20.413583,379
2025-03-30 11:24:00.413583,385
2025-03-31 15:10:40.413583,398
2025-04-01 18:57:20.413583,362
2025-04-02 22:44:00.413583,369
2025-04-04 02:30:40.413583,371
2025-04-05 06:17:20.413583,394
2025-04-06 10:04:00.413583,379
2025-04-07 13:50:40.413583,378
2025-04-08 17:37:20.413583,382
2025-04-09 21:24:00.413583,375
2025-04-11 01:10:40.413583,390
2025-04-12 04:57:20.413583,430
2025-04-13 08:44:00.413583,422
2025-04-14 12:30:40.413583,395
2025-04-15 16:17:20.413583,391
2025-04-16 20:04:00.413583,380
2025-04-17 23:50:40.413583,354
2025-04-19 03:37:20.413583,405
2025-04-20 07:24:00.413583,413
2025-04-21 11:10:40.413583,327
2025-04-22 14:57:20.413583,393
2025-04-23 18:44:00.413583,340
2025-04-24 22:30:40.413583,363
2025-04-26 02:17:20.413583,345
2025-04-27 06:04:00.413583,354
2025-04-28 09:50:40.413583,356
2025-04-29 13:37:20.413583,414
2025-04-30 17:24:00.413583,376
2025-05-01 21:10:40.413583,381
2025-05-03 00:57:20.413583,362
2025-05-04 04:44:00.413583,348
2025-05-05 08:30:40.413583,360
2025-05-06 12:17:20.413583,333
2025-05-07 16:04:00.413583,366
2025-05-08 19:50:40.413583,369
2025-05-09 23:37:20.413583,369
2025-05-11 03:24:00.413583,348
2025-05-12 07:10:40.413583,361
2025-05-13 10:57:20.413583,343
2025-05-14 14:44:00.413583,363
2025-05-15 18:30:40.413583,368
2025-05-16 22:17:20.413583,357
2025-05-18 02:04:00.413583,428
2025-05-19 05:50:40.413583,376
2025-05-20 09:37:20.413583,394
2025-05-21 13:24:00.413583,329
2025-05-22 17:10:40.413583,341
2025-05-23 20:57:20.413583,404
2025-05-25 00:44:00.413583,342
2025-05-26 04:30:40.413583,372
2025-05-27 08:17:20.413583,429
2025-05-28 12:04:00.413583,392
2025-05-29 15:50:40.413583,421
2025-05-30 19:37:20.413583,419
2025-05-31 23:24:00.413583,406
2025-06-02 03:10:40.413583,359
2025-06-03 06:57:20.413583,348
2025-06-04 10:44:00.413583,373
2025-06-05 14:30:40.413583,389
2025-06-06 18:17:20.413583,380
2025-06-07 22:04:00.413583,378
2025-06-09 01:50:40.413583,425
2025-06-10 05:37:20.413583,380
2025-06-11 09:24:00.413583,414
2025-06-12 13:10:40.413583,401
2025-06-13 16:57:20.413583,401
2025-06-14 20:44:00.413583,404
2025-06-16 00:30:40.413583,470
2025-06-17 04:17:20.413583,390
2025-06-18 08:04:00.413583,371
2025-06-19 11:50:40.413583,383
2025-06-20 15:37:20.413583,385
2025-06-21 19:24:00.413583,382
2025-06-22 23:10:40.413583,394
2025-06-24 02:57:20.413583,375
2025-06-25 06:44:00.413583,364
2025-06-26 10:30:40.413583,360
2025-06-27 14:17:20.413583,357
2025-06-28 18:04:00.413583,401
2025-06-29 21:50:40.413583,364
2025-07-01 01:37:20.413583,437
2025-07-02 05:24:00.413583,334
2025-07-03 09:10:40.413583,353
2025-07-04 12:57:20.413583,363
2025-07-05 16:44:00.413583,364
2025-07-06 20:30:40.413583,404
2025-07-08 00:17:20.413583,362
2025-07-09 04:04:00.413583,356
2025-07-10 07:50:40.413583,337
2025-07-11 11:37:20.413583,371
2025-07-12 15:24:00.413583,378
2025-07-13 19:10:40.413583,375
2025-07-14 22:57:20.413583,440
2025-07-16 02:44:00.413583,415
2025-07-17 06:30:40.413583,399
2025-07-18 10:17:20.413583,393
2025-07-19 14:04:00.413583,351
2025-07-20 17:50:40.413583,395
2025-07-21 21:37:20.413583,393
2025-07-23 01:24:00.413583,374
2025-07-24 05:10:40.413583,365
2025-07-25 08:57:20.413583,359
2025-07-26 12:44:00.413583,345
2025-07-27 16:30:40.413583,387
2025-07-28 20:17:20.413583,341
2025-07-30 00:04:00.413583,357
2025-07-31 03:50:40.413583,337
2025-08-01 07:37:20.413583,365
2025-08-02 11:24:00.413583,344
2025-08-03 15:10:40.413583,384
2025-08-04 18:57:20.413583,385
2025-08-05 22:44:00.413583,368
2025-08-07 02:30:40.413583,360
2025-08-08 06:17:20.413583,385
2025-08-09 10:04:00.413583,377
2025-08-10 13:50:40.413583,381
2025-08-11 17:37:20.413583,362
2025-08-12 21:24:00.413583,444
2025-08-14 01:10:40.413583,369
2025-08-15 04:57:20.413583,366
2025-08-16 08:44:00.413583,326
2025-08-17 12:30:40.413583,385
2025-08-18 16:17:20.413583,365
2025-08-19 20:04:00.413583,358
2025-08-20 23:50:40.413583,370
2025-08-22 03:37:20.413583,351
2025-08-23 07:24:00.413583,346
2025-08-24 11:10:40.413583,389
2025-08-25 14:57:20.413583,368
2025-08-26 18:44:00.413583,330
2025-08-27 22:30:40.413583,368
2025-08-29 02:17:20.413583,379
2025-08-30 06:04:00.413583,365
2025-08-31 09:50:40.413583,383
2025-09-01 13:37:20.413583,370
2025-09-02 17:24:00.413583,393
2025-09-03 21:10:40.413583,377
2025-09-05 00:57:20.413583,368
2025-09-06 04:44:00.413583,377
2025-09-07 08:30:40.413583,380
2025-09-08 12:17:20.413583,371
2025-09-09 16:04:00.413583,391
2025-09-10 19:50:40.413583,431
2025-09-11 23:37:20.413583,397
2025-09-13 03:24:00.413583,438
2025-09-14 07:10:40.413583,362
2025-09-15 10:57:20.413583,356
2025-09-16 14:44:00.413583,358
2025-09-17 18:30:40.413583,361
2025-09-18 22:17:20.413583,366
2025-09-20 02:04:00.413583,421
2025-09-21 05:50:40.413583,381
2025-09-22 09:37:20.413583,406
2025-09-23 13:24:00.413583,368
2025-09-24 17:10:40.413583,387
2025-09-25 20:57:20.413583,366
2025-09-27 00:44:00.413583,403
2025-09-28 04:30:40.413583,407
2025-09-29 08:17:20.413583,400
2025-09-30 12:04:00.413583,395
2025-10-01 15:50:40.413583,404
2025-10-02 19:37:20.413583,400
2025-10-03 23:24:00.413583,383
2025-10-05 03:10:40.413583,385
2025-10-06 06:57:20.413583,388
2025-10-07 10:44:00.413583,397
2025-10-08 14:30:40.413583,373
2025-10-09 18:17:20.413583,448
2025-10-10 22:04:00.413583,390
2025-10-12 01:50:40.413583,381
2025-10-13 05:37:20.413583,370
2025-10-14 09:24:00.413583,383
2025-10-15 13:10:40.413583,357
2025-10-16 16:57:20.413583,392
2025-10-17 20:44:00.413583,377
2025-10-19 00:30:40.413583,372
2025-10-20 04:17:20.413583,366
2025-10-21 08:04:00.413583,377
2025-10-22 11:50:40.413583,351
2025-10-23 15:37:20.413583,372
2025-10-24 19:24:00.413583,358
2025-10-25 23:10:40.413583,376
2025-10-27 02:57:20.413583,394
2025-10-28 06:44:00.413583,383
2025-10-29 10:30:40.413583,410
2025-10-30 14:17:20.413583,412
2025-10-31 18:04:00.413583,392
2025-11-01 21:50:40.413583,400
2025-11-03 01:37:20.413583,361
2025-11-04 05:24:00.413583,352
2025-11-05 09:10:40.413583,367
2025-11-06 12:57:20.413583,353
2025-11-07 16:44:00.413583,428
2025-11-08 20:30:40.413583,454
2025-11-10 00:17:20.413583,395
2025-11-11 04:04:00.413583,398
2025-11-12 07:50:40.413583,368
2025-11-13 11:37:20.413583,360
2025-11-14 15:24:00.413583,363
2025-11-15 19:10:40.413583,334
2025-11-16 22:57:20.413583,358
2025-11-18 02:44:00.413583,347
2025-11-19 06:30:40.413583,383
2025-11-20 10:17:20.413583,478
2025-11-21 14:04:00.413583,419
2025-11-22 17:50:40.413583,376
2025-11-23 21:37:20.413583,424
2025-11-25 01:24:00.413583,420
2025-11-26 05:10:40.413583,394
2025-11-27 08:57:20.413583,415
2025-11-28 12:44:00.413583,447
2025-11-29 16:30:40.413583,362
2025-11-30 20:17:20.413583,407
2025-12-02 00:04:00.413583,338
2025-12-03 03:50:40.413583,318
2025-12-04 07:37:20.413583,1132
2025-12-05 11:24:00.413583,397
2025-12-06 15:10:40.413583,443
2025-12-07 18:57:20.413583,363
2025-12-08 22:44:00.413583,381
2025-12-10 02:30:40.413583,358
2025-12-11 06:17:20.413583,398
2025-12-12 10:04:00.413583,387
2025-12-13 13:50:40.413583,0
2025-12-14 17:37:20.413583,4
2025-12-15 21:24:00.413583,18
2025-12-17 01:10:40.413583,404
2025-12-18 04:57:20.413583,404
2025-12-19 08:44:00.413583,407
2025-12-20 12:30:40.413583,404
2025-12-21 16:17:20.413583,403
2025-12-22 20:04:00.413583,401
2025-12-23 23:50:40.413583,401
2025-12-25 03:37:20.413583,400
2025-12-26 07:24:00.413583,417
2025-12-27 11:10:40.413583,400
2025-12-28 14:57:20.413583,404
2025-12-29 18:44:00.413583,401
2025-12-30 22:30:40.413583,403
2026-01-01 02:17:20.413583,415
2026-01-02 06:04:00.413583,401
2026-01-03 09:50:40.413583,403
2026-01-04 13:37:20.413583,401
2026-01-05 17:24:00.413583,399
2026-01-06 21:10:40.413583,414
2026-01-08 00:57:20.413583,405
2026-01-09 04:44:00.413583,400
2026-01-10 08:30:40.413583,403
2026-01-11 12:17:20.413583,402
2026-01-12 16:04:00.413583,420
2026-01-13 19:50:40.413583,398
2026-01-14 23:37:20.413583,394
2026-01-16 03:24:00.413583,391
2026-01-17 07:10:40.413583,389
2026-01-18 10:57:20.413583,360
2026-01-19 14:44:00.413583,379
2026-01-20 18:30:40.413583,369
2026-01-21 22:17:20.413583,379
2026-01-23 02:04:00.413583,386
2026-01-24 05:50:40.413583,404
2026-01-25 09:37:20.413583,410
2026-01-26 13:24:00.413583,406
2026-01-27 17:10:40.413583,393
2026-01-28 20:57:20.413583,379
2026-01-30 00:44:00.413583,385
2026-01-31 04:30:40.413583,398
2026-02-01 08:17:20.413583,362
2026-02-02 12:04:00.413583,369
2026-02-03 15:50:40.413583,371
2026-02-04 19:37:20.413583,394
2026-02-05 23:24:00.413583,379
2026-02-07 03:10:40.413583,378
2026-02-08 06:57:20.413583,382
2026-02-09 10:44:00.413583,375
2026-02-10 14:30:40.413583,390
2026-02-11 18:17:20.413583,430
2026-02-12 22:04:00.413583,422
2026-02-14 01:50:40.413583,395
2026-02-15 05:37:20.413583,391
2026-02-16 09:24:00.413583,380
2026-02-17 13:10:40.413583,354
2026-02-18 16:57:20.413583,405
2026-02-19 20:44:00.413583,413
2026-02-21 00:30:40.413583,327
2026-02-22 04:17:20.413583,393
2026-02-23 08:04:00.413583,340
2026-02-24 11:50:40.413583,363
2026-02-25 15:37:20.413583,345
2026-02-26 19:24:00.413583,354
2026-02-27 23:10:40.413583,356
2026-03-01 02:57:20.413583,414
2026-03-02 06:44:00.413583,376
2026-03-03 10:30:40.413583,381
2026-03-04 14:17:20.413583,362
2026-03-05 18:04:00.413583,348
2026-03-06 21:50:40.413583,360
2026-03-08 01:37:20.413583,333
2026-03-09 05:24:00.413583,366
2026-03-10 09:10:40.413583,369
2026-03-11 12:57:20.413583,369
2026-03-12 16:44:00.413583,348
2026-03-13 20:30:40.413583,361
2026-03-15 00:17:20.413583,343
2026-03-16 04:04:00.413583,363
2026-03-17 07:50:40.413583,368
2026-03-18 11:37:20.413583,357
2026-03-19 15:24:00.413583,428
2026-03-20 19:10:40.413583,376
2026-03-21 22:57:20.413583,394
2026-03-23 02:44:00.413583,329
2026-03-24 06:30:40.413583,341
2026-03-25 10:17:20.413583,404
2026-03-26 14:04:00.413583,342
2026-03-27 17:50:40.413583,372
2026-03-28 21:37:20.413583,429
2026-03-30 01:24:00.413583,392
2026-03-31 05:10:40.413583,421
2026-04-01 08:57:20.413583,419
2026-04-02 12:44:00.413583,406
2026-04-03 16:30:40.413583,359
2026-04-04 20:17:20.413583,348
2026-04-06 00:04:00.413583,373
2026-04-07 03:50:40.413583,389
2026-04-08 07:37:20.413583,380
2026-04-09 11:24:00.413583,378
2026-04-10 15:10:40.413583,425
2026-04-11 18:57:20.413583,380
2026-04-12 22:44:00.413583,414
2026-04-14 02:30:40.413583,401
2026-04-15 06:17:20.413583,401
2026-04-16 10:04:00.413583,404
2026-04-17 13:50:40.413583,470
2026-04-18 17:37:20.413583,390
2026-04-19 21:24:00.413583,371
2026-04-21 01:10:40.413583,383
2026-04-22 04:57:20.413583,385
2026-04-23 08:44:00.413583,382
2026-04-24 12:30:40.413583,394
2026-04-25 16:17:20.413583,375
2026-04-26 20:04:00.413583,364
2026-04-27 23:50:40.413583,360
2026-04-29 03:37:20.413583,357
2026-04-30 07:24:00.413583,401
2026-05-01 11:10:40.413583,364
2026-05-02 14:57:20.413583,437
2026-05-03 18:44:00.413583,334
2026-05-04 22:30:40.413583,353
2026-05-06 02:17:20.413583,363
2026-05-07 06:04:00.413583,364
2026-05-08 09:50:40.413583,404
2026-05-09 13:37:20.413583,362
2026-05-10 17:24:00.413583,356
2026-05-11 21:10:40.413583,337
2026-05-13 00:57:20.413583,371
2026-05-14 04:44:00.413583,378
2026-05-15 08:30:40.413583,375
2026-05-16 12:17:20.413583,440
2026-05-17 16:04:00.413583,415
2026-05-18 19:50:40.413583,399
2026-05-19 23:37:20.413583,393
2026-05-21 03:24:00.413583,351
2026-05-22 07:10:40.413583,395
2026-05-23 10:57:20.413583,393
2026-05-24 14:44:00.413583,374
2026-05-25 18:30:40.413583,365
2026-05-26 22:17:20.413583,359
2026-05-28 02:04:00.413583,345
2026-05-29 05:50:40.413583,387
2026-05-30 09:37:20.413583,341
2026-05-31 13:24:00.413583,357
2026-06-01 17:10:40.413583,337
2026-06-02 20:57:20.413583,365
2026-06-04 00:44:00.413583,344
2026-06-05 04:30:40.413583,384
2026-06-06 08:17:20.413583,385
2026-06-07 12:04:00.413583,368
2026-06-08 15:50:40.413583,360
2026-06-09 19:37:20.413583,385
2026-06-10 23:24:00.413583,377
2026-06-12 03:10:40.413583,381
2026-06-13 06:57:20.413583,362
2026-06-14 10:44:00.413583,444
2026-06-15 14:30:40.413583,369
2026-06-16 18:17:20.413583,366
2026-06-17 22:04:00.413583,326
2026-06-19 01:50:40.413583,385
2026-06-20 05:37:20.413583,365
2026-06-21 09:24:00.413583,358
2026-06-22 13:10:40.413583,370
2026-06-23 16:57:20.413583,351
2026-06-24 20:44:00.413583,346
2026-06-26 00:30:40.413583,389
2026-06-27 04:17:20.413583,368
2026-06-28 08:04:00.413583,330
2026-06-29 11:50:40.413583,368
2026-06-30 15:37:20.413583,379
2026-07-01 19:24:00.413583,365
2026-07-02 23:10:40.413583,383
2026-07-04 02:57:20.413583,370
2026-07-05 06:44:00.413583,393
2026-07-06 10:30:40.413583,377
2026-07-07 14:17:20.413583,368
2026-07-08 18:04:00.413583,377
2026-07-09 21:50:40.413583,380
2026-07-11 01:37:20.413583,371
2026-07-12 05:24:00.413583,391
2026-07-13 09:10:40.413583,431
2026-07-14 12:57:20.413583,397
2026-07-15 16:44:00.413583,438
2026-07-16 20:30:40.413583,362
2026-07-18 00:17:20.413583,356
2026-07-19 04:04:00.413583,358
2026-07-20 07:50:40.413583,361
2026-07-21 11:37:20.413583,366
2026-07-22 15:24:00.413583,421
2026-07-23 19:10:40.413583,381
2026-07-24 22:57:20.413583,406
2026-07-26 02:44:00.413583,368
2026-07-27 06:30:40.413583,387
2026-07-28 10:17:20.413583,366
2026-07-29 14:04:00.413583,403
2026-07-30 17:50:40.413583,407
2026-07-31 21:37:20.413583,400
2026-08-02 01:24:00.413583,395
2026-08-03 05:10:40.413583,404
2026-08-04 08:57:20.413583,400
2026-08-05 12:44:00.413583,383
2026-08-06 16:30:40.413583,385
2026-08-07 20:17:20.413583,388
2026-08-09 00:04:00.413583,397
2026-08-10 03:50:40.413583,373
2026-08-11 07:37:20.413583,448
2026-08-12 11:24:00.413583,390
2026-08-13 15:10:40.413583,381
2026-08-14 18:57:20.413583,370
2026-08-15 22:44:00.413583,383
2026-08-17 02:30:40.413583,357
2026-08-18 06:17:20.413583,392
2026-08-19 10:04:00.413583,377
2026-08-20 13:50:40.413583,372
2026-08-21 17:37:20.413583,366
2026-08-22 21:24:00.413583,377
2026-08-24 01:10:40.413583,351
2026-08-25 04:57:20.413583,372
2026-08-26 08:44:00.413583,358
2026-08-27 12:30:40.413583,376
2026-08-28 16:17:20.413583,394
2026-08-29 20:04:00.413583,383
2026-08-30 23:50:40.413583,410
2026-09-01 03:37:20.413583,412
2026-09-02 07:24:00.413583,392
2026-09-03 11:10:40.413583,400
2026-09-04 14:57:20.413583,361
2026-09-05 18:44:00.413583,352
2026-09-06 22:30:40.413583,367
2026-09-08 02:17:20.413583,353
2026-09-09 06:04:00.413583,428
2026-09-10 09:50:40.413583,454
2026-09-11 13:37:20.413583,395
2026-09-12 17:24:00.413583,398
2026-09-13 21:10:40.413583,368
2026-09-15 00:57:20.413583,360
2026-09-16 04:44:00.413583,363
2026-09-17 08:30:40.413583,334
2026-09-18 12:17:20.413583,358
2026-09-19 16:04:00.413583,347
2026-09-20 19:50:40.413583,383
2026-09-21 23:37:20.413583,478
2026-09-23 03:24:00.413583,419
2026-09-24 07:10:40.413583,376
2026-09-25 10:57:20.413583,424
2026-09-26 14:44:00.413583,420
2026-09-27 18:30:40.413583,394
2026-09-28 22:17:20.413583,415
2026-09-30 02:04:00.413583,447
2026-10-01 05:50:40.413583,362
2026-10-02 09:37:20.413583,407
2026-10-03 13:24:00.413583,338
2026-10-04 17:10:40.413583,318
2026-10-05 20:57:20.413583,1132
2026-10-07 00:44:00.413583,397
2026-10-08 04:30:40.413583,443
2026-10-09 08:17:20.413583,363
2026-10-10 12:04:00.413583,381
2026-10-11 15:50:40.413583,358
2026-10-12 19:37:20.413583,398
2026-10-13 23:24:00.413583,387
2026-10-15 03:10:40.413583,0
2026-10-16 06:57:20.413583,4
2026-10-17 10:44:00.413583,18
2026-10-18 14:30:40.413583,404
2026-10-19 18:17:20.413583,404
2026-10-20 22:04:00.413583,407
2026-10-22 01:50:40.413583,404
2026-10-23 05:37:20.413583,403
2026-10-24 09:24:00.413583,401
2026-10-25 13:10:40.413583,401
2026-10-26 16:57:20.413583,400
2026-10-27 20:44:00.413583,417
2026-10-29 00:30:40.413583,400
2026-10-30 04:17:20.413583,404
2026-10-31 08:04:00.413583,401
2026-11-01 11:50:40.413583,403
2026-11-02 15:37:20.413583,415
2026-11-03 19:24:00.413583,401
2026-11-04 23:10:40.413583,403
2026-11-06 02:57:20.413583,401
2026-11-07 06:44:00.413583,399
2026-11-08 10:30:40.413583,414
2026-11-09 14:17:20.413583,405
2026-11-10 18:04:00.413583,400
2026-11-11 21:50:40.413583,403
2026-11-13 01:37:20.413583,402
2026-11-14 05:24:00.413583,420
2026-11-15 09:10:40.413583,398
2026-11-16 12:57:20.413583,394
2026-11-17 16:44:00.413583,391
2026-11-18 20:30:40.413583,389
2026-11-20 00:17:20.413583,360
2026-11-21 04:04:00.413583,379
2026-11-22 07:50:40.413583,369
2026-11-23 11:37:20.413583,379
2026-11-24 15:24:00.413583,386
2026-11-25 19:10:40.413583,404
2026-11-26 22:57:20.413583,410
2026-11-28 02:44:00.413583,406
2026-11-29 06:30:40.413583,393
2026-11-30 10:17:20.413583,379
2026-12-01 14:04:00.413583,385
2026-12-02 17:50:40.413583,398
2026-12-03 21:37:20.413583,362
2026-12-05 01:24:00.413583,369
2026-12-06 05:10:40.413583,371
2026-12-07 08:57:20.413583,394
2026-12-08 12:44:00.413583,379
2026-12-09 16:30:40.413583,378
2026-12-10 20:17:20.413583,382
2026-12-12 00:04:00.413583,375
2026-12-13 03:50:40.413583,390
2026-12-14 07:37:20.413583,430
2026-12-15 11:24:00.413583,422
2026-12-16 15:10:40.413583,395
2026-12-17 18:57:20.413583,391
2026-12-18 22:44:00.413583,380
2026-12-20 02:30:40.413583,354
2026-12-21 06:17:20.413583,405
2026-12-22 10:04:00.413583,413
2026-12-23 13:50:40.413583,327
2026-12-24 17:37:20.413583,393
2026-12-25 21:24:00.413583,340
2026-12-27 01:10:40.413583,363
2026-12-28 04:57:20.413583,345
2026-12-29 08:44:00.413583,354
2026-12-30 12:30:40.413583,356
2026-12-31 16:17:20.413583,414
2027-01-01 20:04:00.413583,376
2027-01-02 23:50:40.413583,381
2027-01-04 03:37:20.413583,362
2027-01-05 07:24:00.413583,348
2027-01-06 11:10:40.413583,360
2027-01-07 14:57:20.413583,333
2027-01-08 18:44:00.413583,366
2027-01-09 22:30:40.413583,369
2027-01-11 02:17:20.413583,369
2027-01-12 06:04:00.413583,348
2027-01-13 09:50:40.413583,361
2027-01-14 13:37:20.413583,343
2027-01-15 17:24:00.413583,363
2027-01-16 21:10:40.413583,368
2027-01-18 00:57:20.413583,357
2027-01-19 04:44:00.413583,428
2027-01-20 08:30:40.413583,376
2027-01-21 12:17:20.413583,394
2027-01-22 16:04:00.413583,329
2027-01-23 19:50:40.413583,341
2027-01-24 23:37:20.413583,404
2027-01-26 03:24:00.413583,342
2027-01-27 07:10:40.413583,372
2027-01-28 10:57:20.413583,429
2027-01-29 14:44:00.413583,392
2027-01-30 18:30:40.413583,421
2027-01-31 22:17:20.413583,419
2027-02-02 02:04:00.413583,406
2027-02-03 05:50:40.413583,359
2027-02-04 09:37:20.413583,348
2027-02-05 13:24:00.413583,373
2027-02-06 17:10:40.413583,389
2027-02-07 20:57:20.413583,380
2027-02-09 00:44:00.413583,378
2027-02-10 04:30:40.413583,425
2027-02-11 08:17:20.413583,380
2027-02-12 12:04:00.413583,414
2027-02-13 15:50:40.413583,401
2027-02-14 19:37:20.413583,401
2027-02-15 23:24:00.413583,404
2027-02-17 03:10:40.413583,470
2027-02-18 06:57:20.413583,390
2027-02-19 10:44:00.413583,371
2027-02-20 14:30:40.413583,383
2027-02-21 18:17:20.413583,385
2027-02-22 22:04:00.413583,382
2027-02-24 01:50:40.413583,394
2027-02-25 05:37:20.413583,375
2027-02-26 09:24:00.413583,364
2027-02-27 13:10:40.413583,360
2027-02-28 16:57:20.413583,357
2027-03-01 20:44:00.413583,401
2027-03-03 00:30:40.413583,364
2027-03-04 04:17:20.413583,437
2027-03-05 08:04:00.413583,334
2027-03-06 11:50:40.413583,353
2027-03-07 15:37:20.413583,363
2027-03-08 19:24:00.413583,364
2027-03-09 23:10:40.413583,404
2027-03-11 02:57:20.413583,362
2027-03-12 06:44:00.413583,356
2027-03-13 10:30:40.413583,337
2027-03-14 14:17:20.413583,371
2027-03-15 18:04:00.413583,378
2027-03-16 21:50:40.413583,375
2027-03-18 01:37:20.413583,440
2027-03-19 05:24:00.413583,415
2027-03-20 09:10:40.413583,399
2027-03-21 12:57:20.413583,393
2027-03-22 16:44:00.413583,351
2027-03-23 20:30:40.413583,395
2027-03-25 00:17:20.413583,393
2027-03-26 04:04:00.413583,374
2027-03-27 07:50:40.413583,365
2027-03-28 11:37:20.413583,359
2027-03-29 15:24:00.413583,345
2027-03-30 19:10:40.413583,387
2027-03-31 22:57:20.413583,341
2027-04-02 02:44:00.413583,357
2027-04-03 06:30:40.413583,337
2027-04-04 10:17:20.413583,365
2027-04-05 14:04:00.413583,344
2027-04-06 17:50:40.413583,384
2027-04-07 21:37:20.413583,385
2027-04-09 01:24:00.413583,368
2027-04-10 05:10:40.413583,360
2027-04-11 08:57:20.413583,385
2027-04-12 12:44:00.413583,377
2027-04-13 16:30:40.413583,381
2027-04-14 20:17:20.413583,362
2027-04-16 00:04:00.413583,444
2027-04-17 03:50:40.413583,369
2027-04-18 07:37:20.413583,366
2027-04-19 11:24:00.413583,326
2027-04-20 15:10:40.413583,385
2027-04-21 18:57:20.413583,365
2027-04-22 22:44:00.413583,358
2027-04-24 02:30:40.413583,370
2027-04-25 06:17:20.413583,351
2027-04-26 10:04:00.413583,346
2027-04-27 13:50:40.413583,389
2027-04-28 17:37:20.413583,368
2027-04-29 21:24:00.413583,330
2027-05-01 01:10:40.413583,368
2027-05-02 04:57:20.413583,379
2027-05-03 08:44:00.413583,365
2027-05-04 12:30:40.413583,383
2027-05-05 16:17:20.413583,370
2027-05-06 20:04:00.413583,393
2027-05-07 23:50:40.413583,377
2027-05-09 03:37:20.413583,368
2027-05-10 07:24:00.413583,377
2027-05-11 11:10:40.413583,380
2027-05-12 14:57:20.413583,371
2027-05-13 18:44:00.413583,391
2027-05-14 22:30:40.413583,431
2027-05-16 02:17:20.413583,397
2027-05-17 06:04:00.413583,438
2027-05-18 09:50:40.413583,362
2027-05-19 13:37:20.413583,356
2027-05-20 17:24:00.413583,358
2027-05-21 21:10:40.413583,361
2027-05-23 00:57:20.413583,366
2027-05-24 04:44:00.413583,421
2027-05-25 08:30:40.413583,381
2027-05-26 12:17:20.413583,406
2027-05-27 16:04:00.413583,368
2027-05-28 19:50:40.413583,387
2027-05-29 23:37:20.413583,366
2027-05-31 03:24:00.413583,403
2027-06-01 07:10:40.413583,407
2027-06-02 10:57:20.413583,400
2027-06-03 14:44:00.413583,395
2027-06-04 18:30:40.413583,404
2027-06-05 22:17:20.413583,400
2027-06-07 02:04:00.413583,383
2027-06-08 05:50:40.413583,385
2027-06-09 09:37:20.413583,388
2027-06-10 13:24:00.413583,397
2027-06-11 17:10:40.413583,373
2027-06-12 20:57:20.413583,448
2027-06-14 00:44:00.413583,390
2027-06-15 04:30:40.413583,381
2027-06-16 08:17:20.413583,370
2027-06-17 12:04:00.413583,383
2027-06-18 15:50:40.413583,357
2027-06-19 19:37:20.413583,392
2027-06-20 23:24:00.413583,377
2027-06-22 03:10:40.413583,372
2027-06-23 06:57:20.413583,366
2027-06-24 10:44:00.413583,377
2027-06-25 14:30:40.413583,351
2027-06-26 18:17:20.413583,372
2027-06-27 22:04:00.413583,358
2027-06-29 01:50:40.413583,376
2027-06-30 05:37:20.413583,394
2027-07-01 09:24:00.413583,383
2027-07-02 13:10:40.413583,410
2027-07-03 16:57:20.413583,412
2027-07-04 20:44:00.413583,392
2027-07-06 00:30:40.413583,400
2027-07-07 04:17:20.413583,361
2027-07-08 08:04:00.413583,352
2027-07-09 11:50:40.413583,367
2027-07-10 15:37:20.413583,353
2027-07-11 19:24:00.413583,428
2027-07-12 23:10:40.413583,454
2027-07-14 02:57:20.413583,395
2027-07-15 06:44:00.413583,398
2027-07-16 10:30:40.413583,368
2027-07-17 14:17:20.413583,360
2027-07-18 18:04:00.413583,363
2027-07-19 21:50:40.413583,334
2027-07-21 01:37:20.413583,358
2027-07-22 05:24:00.413583,347
2027-07-23 09:10:40.413583,383
2027-07-24 12:57:20.413583,478
2027-07-25 16:44:00.413583,419
2027-07-26 20:30:40.413583,376
2027-07-28 00:17:20.413583,424
2027-07-29 04:04:00.413583,420
2027-07-30 07:50:40.413583,394
2027-07-31 11:37:20.413583,415
2027-08-01 15:24:00.413583,447
2027-08-02 19:10:40.413583,362
2027-08-03 22:57:20.413583,407
2027-08-05 02:44:00.413583,338
2027-08-06 06:30:40.413583,318
2027-08-07 10:17:20.413583,1132
2027-08-08 14:04:00.413583,397
2027-08-09 17:50:40.413583,443
2027-08-10 21:37:20.413583,363
2027-08-12 01:24:00.413583,381
2027-08-13 05:10:40.413583,358
2027-08-14 08:57:20.413583,398
2027-08-15 12:44:00.413583,387
2027-08-16 16:30:40.413583,0
2027-08-17 20:17:20.413583,4
2027-08-19 00:04:00.413583,18
2027-08-20 03:50:40.413583,404
2027-08-21 07:37:20.413583,404
2027-08-22 11:24:00.413583,407
2027-08-23 15:10:40.413583,404
2027-08-24 18:57:20.413583,403
2027-08-25 22:44:00.413583,401
2027-08-27 02:30:40.413583,401
2027-08-28 06:17:20.413583,400
2027-08-29 10:04:00.413583,417
2027-08-30 13:50:40.413583,400
2027-08-31 17:37:20.413583,404
2027-09-01 21:24:00.413583,401
2027-09-03 01:10:40.413583,403
2027-09-04 04:57:20.413583,415
2027-09-05 08:44:00.413583,401
2027-09-06 12:30:40.413583,403
2027-09-07 16:17:20.413583,401
2027-09-08 20:04:00.413583,399
2027-09-09 23:50:40.413583,414
2027-09-11 03:37:20.413583,405
2027-09-12 07:24:00.413583,400
2027-09-13 11:10:40.413583,403
2027-09-14 14:57:20.413583,402
2027-09-15 18:44:00.413583,420
2027-09-16 22:30:40.413583,398
2027-09-18 02:17:20.413583,394
2027-09-19 06:04:00.413583,391
2027-09-20 09:50:40.413583,389
2027-09-21 13:37:20.413583,360
2027-09-22 17:24:00.413583,379
2027-09-23 21:10:40.413583,369
2027-09-25 00:57:20.413583,379
2027-09-26 04:44:00.413583,386
2027-09-27 08:30:40.413583,404
2027-09-28 12:17:20.413583,410
2027-09-29 16:04:00.413583,406
2027-09-30 19:50:40.413583,393
2027-10-01 23:37:20.413583,379
2027-10-03 03:24:00.413583,385
2027-10-04 07:10:40.413583,398
2027-10-05 10:57:20.413583,362
2027-10-06 14:44:00.413583,369
2027-10-07 18:30:40.413583,371
2027-10-08 22:17:20.413583,394
2027-10-10 02:04:00.413583,379
2027-10-11 05:50:40.413583,378
2027-10-12 09:37:20.413583,382
2027-10-13 13:24:00.413583,375
2027-10-14 17:10:40.413583,390
2027-10-15 20:57:20.413583,430
2027-10-17 00:44:00.413583,422
2027-10-18 04:30:40.413583,395
2027-10-19 08:17:20.413583,391
2027-10-20 12:04:00.413583,380
2027-10-21 15:50:40.413583,354
2027-10-22 19:37:20.413583,405
2027-10-23 23:24:00.413583,413
2027-10-25 03:10:40.413583,327
2027-10-26 06:57:20.413583,393
2027-10-27 10:44:00.413583,340
2027-10-28 14:30:40.413583,363
2027-10-29 18:17:20.413583,345
2027-10-30 22:04:00.413583,354
2027-11-01 01:50:40.413583,356
2027-11-02 05:37:20.413583,414
2027-11-03 09:24:00.413583,376
2027-11-04 13:10:40.413583,381
2027-11-05 16:57:20.413583,362
2027-11-06 20:44:00.413583,348
2027-11-08 00:30:40.413583,360
2027-11-09 04:17:20.413583,333
2027-11-10 08:04:00.413583,366
2027-11-11 11:50:40.413583,369
2027-11-12 15:37:20.413583,369
2027-11-13 19:24:00.413583,348
2027-11-14 23:10:40.413583,361
2027-11-16 02:57:20.413583,343
2027-11-17 06:44:00.413583,363
2027-11-18 10:30:40.413583,368
2027-11-19 14:17:20.413583,357
2027-11-20 18:04:00.413583,428
2027-11-21 21:50:40.413583,376
2027-11-23 01:37:20.413583,394
2027-11-24 05:24:00.413583,329
2027-11-25 09:10:40.413583,341
2027-11-26 12:57:20.413583,404
2027-11-27 16:44:00.413583,342
2027-11-28 20:30:40.413583,372
2027-11-30 00:17:20.413583,429
2027-12-01 04:04:00.413583,392
2027-12-02 07:50:40.413583,421
2027-12-03 11:37:20.413583,419
2027-12-04 15:24:00.413583,406
2027-12-05 19:10:40.413583,359
2027-12-06 22:57:20.413583,348
2027-12-08 02:44:00.413583,373
2027-12-09 06:30:40.413583,389
2027-12-10 10:17:20.413583,380
2027-12-11 14:04:00.413583,378
2027-12-12 17:50:40.413583,425
2027-12-13 21:37:20.413583,380
2027-12-15 01:24:00.413583,414
2027-12-16 05:10:40.413583,401
2027-12-17 08:57:20.413583,401
2027-12-18 12:44:00.413583,404
2027-12-19 16:30:40.413583,470
2027-12-20 20:17:20.413583,390
2027-12-22 00:04:00.413583,371
2027-12-23 03:50:40.413583,383
2027-12-24 07:37:20.413583,385
2027-12-25 11:24:00.413583,382
2027-12-26 15:10:40.413583,394
2027-12-27 18:57:20.413583,375
2027-12-28 22:44:00.413583,364
2027-12-30 02:30:40.413583,360
2027-12-31 06:17:20.413583,357
2028-01-01 10:04:00.413583,401
2028-01-02 13:50:40.413583,364
2028-01-03 17:37:20.413583,437
2028-01-04 21:24:00.413583,334
2028-01-06 01:10:40.413583,353
2028-01-07 04:57:20.413583,363
2028-01-08 08:44:00.413583,364
2028-01-09 12:30:40.413583,404
2028-01-10 16:17:20.413583,362
2028-01-11 20:04:00.413583,356
2028-01-12 23:50:40.413583,337
2028-01-14 03:37:20.413583,371
2028-01-15 07:24:00.413583,378
2028-01-16 11:10:40.413583,375
2028-01-17 14:57:20.413583,440
2028-01-18 18:44:00.413583,415
2028-01-19 22:30:40.413583,399
2028-01-21 02:17:20.413583,393
2028-01-22 06:04:00.413583,351
2028-01-23 09:50:40.413583,395
2028-01-24 13:37:20.413583,393
2028-01-25 17:24:00.413583,374
2028-01-26 21:10:40.413583,365
2028-01-28 00:57:20.413583,359
2028-01-29 04:44:00.413583,345
2028-01-30 08:30:40.413583,387
2028-01-31 12:17:20.413583,341
2028-02-01 16:04:00.413583,357
2028-02-02 19:50:40.413583,337
2028-02-03 23:37:20.413583,365
2028-02-05 03:24:00.413583,344
2028-02-06 07:10:40.413583,384
2028-02-07 10:57:20.413583,385
2028-02-08 14:44:00.413583,368
2028-02-09 18:30:40.413583,360
2028-02-10 22:17:20.413583,385
2028-02-12 02:04:00.413583,377
2028-02-13 05:50:40.413583,381
2028-02-14 09:37:20.413583,362
2028-02-15 13:24:00.413583,444
2028-02-16 17:10:40.413583,369
2028-02-17 20:57:20.413583,366
2028-02-19 00:44:00.413583,326
2028-02-20 04:30:40.413583,385
2028-02-21 08:17:20.413583,365
2028-02-22 12:04:00.413583,358
2028-02-23 15:50:40.413583,370
2028-02-24 19:37:20.413583,351
2028-02-25 23:24:00.413583,346
2028-02-27 03:10:40.413583,389
2028-02-28 06:57:20.413583,368
2028-02-29 10:44:00.413583,330
2028-03-01 14:30:40.413583,368
2028-03-02 18:17:20.413583,379
2028-03-03 22:04:00.413583,365
2028-03-05 01:50:40.413583,383
2028-03-06 05:37:20.413583,370
2028-03-07 09:24:00.413583,393
2028-03-08 13:10:40.413583,377
2028-03-09 16:57:20.413583,368
2028-03-10 20:44:00.413583,377
2028-03-12 00:30:40.413583,380
2028-03-13 04:17:20.413583,371
2028-03-14 08:04:00.413583,391
2028-03-15 11:50:40.413583,431
2028-03-16 15:37:20.413583,397
2028-03-17 19:24:00.413583,438
2028-03-18 23:10:40.413583,362
2028-03-20 02:57:20.413583,356
2028-03-21 06:44:00.413583,358
2028-03-22 10:30:40.413583,361
2028-03-23 14:17:20.413583,366
2028-03-24 18:04:00.413583,421
2028-03-25 21:50:40.413583,381
2028-03-27 01:37:20.413583,406
2028-03-28 05:24:00.413583,368
2028-03-29 09:10:40.413583,387
2028-03-30 12:57:20.413583,366
2028-03-31 16:44:00.413583,403
2028-04-01 20:30:40.413583,407
2028-04-03 00:17:20.413583,400
2028-04-04 04:04:00.413583,395
2028-04-05 07:50:40.413583,404
2028-04-06 11:37:20.413583,400
2028-04-07 15:24:00.413583,383
2028-04-08 19:10:40.413583,385
2028-04-09 22:57:20.413583,388
2028-04-11 02:44:00.413583,397
2028-04-12 06:30:40.413583,373
2028-04-13 10:17:20.413583,448
2028-04-14 14:04:00.413583,390
2028-04-15 17:50:40.413583,381
2028-04-16 21:37:20.413583,370
2028-04-18 01:24:00.413583,383
2028-04-19 05:10:40.413583,357
2028-04-20 08:57:20.413583,392
2028-04-21 12:44:00.413583,377
2028-04-22 16:30:40.413583,372
2028-04-23 20:17:20.413583,366
2028-04-25 00:04:00.413583,377
2028-04-26 03:50:40.413583,351
2028-04-27 07:37:20.413583,372
2028-04-28 11:24:00.413583,358
2028-04-29 15:10:40.413583,376
2028-04-30 18:57:20.413583,394
2028-05-01 22:44:00.413583,383
2028-05-03 02:30:40.413583,410
2028-05-04 06:17:20.413583,412
2028-05-05 10:04:00.413583,392
2028-05-06 13:50:40.413583,400
2028-05-07 17:37:20.413583,361
2028-05-08 21:24:00.413583,352
2028-05-10 01:10:40.413583,367
2028-05-11 04:57:20.413583,353
2028-05-12 08:44:00.413583,428
2028-05-13 12:30:40.413583,454
2028-05-14 16:17:20.413583,395
2028-05-15 20:04:00.413583,398
2028-05-16 23:50:40.413583,368
2028-05-18 03:37:20.413583,360
2028-05-19 07:24:00.413583,363
2028-05-20 11:10:40.413583,334
2028-05-21 14:57:20.413583,358
2028-05-22 18:44:00.413583,347
2028-05-23 22:30:40.413583,383
2028-05-25 02:17:20.413583,478
2028-05-26 06:04:00.413583,419
2028-05-27 09:50:40.413583,376
2028-05-28 13:37:20.413583,424
2028-05-29 17:24:00.413583,420
2028-05-30 21:10:40.413583,394
2028-06-01 00:57:20.413583,415
2028-06-02 04:44:00.413583,447
2028-06-03 08:30:40.413583,362
2028-06-04 12:17:20.413583,407
2028-06-05 16:04:00.413583,338
2028-06-06 19:50:40.413583,318
2028-06-07 23:37:20.413583,1132
2028-06-09 03:24:00.413583,397
2028-06-10 07:10:40.413583,443
2028-06-11 10:57:20.413583,363
2028-06-12 14:44:00.413583,381
2028-06-13 18:30:40.413583,358
2028-06-14 22:17:20.413583,398
2028-06-16 02:04:00.413583,387
2028-06-17 05:50:40.413583,0
2028-06-18 09:37:20.413583,4
2028-06-19 13:24:00.413583,18
2028-06-20 17:10:40.413583,404
2028-06-21 20:57:20.413583,404
2028-06-23 00:44:00.413583,407
2028-06-24 04:30:40.413583,404
2028-06-25 08:17:20.413583,403
2028-06-26 12:04:00.413583,401
2028-06-27 15:50:40.413583,401
2028-06-28 19:37:20.413583,400
2028-06-29 23:24:00.413583,417
2028-07-01 03:10:40.413583,400
2028-07-02 06:57:20.413583,404
2028-07-03 10:44:00.413583,401
2028-07-04 14:30:40.413583,403
2028-07-05 18:17:20.413583,415
2028-07-06 22:04:00.413583,401
2028-07-08 01:50:40.413583,403
2028-07-09 05:37:20.413583,401
2028-07-10 09:24:00.413583,399
2028-07-11 13:10:40.413583,414
2028-07-12 16:57:20.413583,405
2028-07-13 20:44:00.413583,400
2028-07-15 00:30:40.413583,403
2028-07-16 04:17:20.413583,402
2028-07-17 08:04:00.413583,420
2028-07-18 11:50:40.413583,398
2028-07-19 15:37:20.413583,394
2028-07-20 19:24:00.413583,391
2028-07-21 23:10:40.413583,389
2028-07-23 02:57:20.413583,360
2028-07-24 06:44:00.413583,379
2028-07-25 10:30:40.413583,369
2028-07-26 14:17:20.413583,379
2028-07-27 18:04:00.413583,386
2028-07-28 21:50:40.413583,404
2028-07-30 01:37:20.413583,410
2028-07-31 05:24:00.413583,406
2028-08-01 09:10:40.413583,393
2028-08-02 12:57:20.413583,379
2028-08-03 16:44:00.413583,385
2028-08-04 20:30:40.413583,398
2028-08-06 00:17:20.413583,362
2028-08-07 04:04:00.413583,369
2028-08-08 07:50:40.413583,371
2028-08-09 11:37:20.413583,394
2028-08-10 15:24:00.413583,379
2028-08-11 19:10:40.413583,378
2028-08-12 22:57:20.413583,382
2028-08-14 02:44:00.413583,375
2028-08-15 06:30:40.413583,390
2028-08-16 10:17:20.413583,430
2028-08-17 14:04:00.413583,422
2028-08-18 17:50:40.413583,395
2028-08-19 21:37:20.413583,391
2028-08-21 01:24:00.413583,380
2028-08-22 05:10:40.413583,354
2028-08-23 08:57:20.413583,405
2028-08-24 12:44:00.413583,413
2028-08-25 16:30:40.413583,327
2028-08-26 20:17:20.413583,393
2028-08-28 00:04:00.413583,340
2028-08-29 03:50:40.413583,363
2028-08-30 07:37:20.413583,345
2028-08-31 11:24:00.413583,354
2028-09-01 15:10:40.413583,356
2028-09-02 18:57:20.413583,414
2028-09-03 22:44:00.413583,376
2028-09-05 02:30:40.413583,381
2028-09-06 06:17:20.413583,362
2028-09-07 10:04:00.413583,348
2028-09-08 13:50:40.413583,360
2028-09-09 17:37:20.413583,333
2028-09-10 21:24:00.413583,366
2028-09-12 01:10:40.413583,369
2028-09-13 04:57:20.413583,369
2028-09-14 08:44:00.413583,348
2028-09-15 12:30:40.413583,361
2028-09-16 16:17:20.413583,343
2028-09-17 20:04:00.413583,363
2028-09-18 23:50:40.413583,368
2028-09-20 03:37:20.413583,357
2028-09-21 07:24:00.413583,428
2028-09-22 11:10:40.413583,376
2028-09-23 14:57:20.413583,394
2028-09-24 18:44:00.413583,329
2028-09-25 22:30:40.413583,341
2028-09-27 02:17:20.413583,404
2028-09-28 06:04:00.413583,342
2028-09-29 09:50:40.413583,372
2028-09-30 13:37:20.413583,429
2028-10-01 17:24:00.413583,392
2028-10-02 21:10:40.413583,421
2028-10-04 00:57:20.413583,419
2028-10-05 04:44:00.413583,406
2028-10-06 08:30:40.413583,359
2028-10-07 12:17:20.413583,348
2028-10-08 16:04:00.413583,373
2028-10-09 19:50:40.413583,389
2028-10-10 23:37:20.413583,380
2028-10-12 03:24:00.413583,378
2028-10-13 07:10:40.413583,425
2028-10-14 10:57:20.413583,380
2028-10-15 14:44:00.413583,414
2028-10-16 18:30:40.413583,401
2028-10-17 22:17:20.413583,401
2028-10-19 02:04:00.413583,404
2028-10-20 05:50:40.413583,470
2028-10-21 09:37:20.413583,390
2028-10-22 13:24:00.413583,371
2028-10-23 17:10:40.413583,383
2028-10-24 20:57:20.413583,385
2028-10-26 00:44:00.413583,382
2028-10-27 04:30:40.413583,394
2028-10-28 08:17:20.413583,375
2028-10-29 12:04:00.413583,364
2028-10-30 15:50:40.413583,360
2028-10-31 19:37:20.413583,357
2028-11-01 23:24:00.413583,401
2028-11-03 03:10:40.413583,364
2028-11-04 06:57:20.413583,437
2028-11-05 10:44:00.413583,334
2028-11-06 14:30:40.413583,353
2028-11-07 18:17:20.413583,363
2028-11-08 22:04:00.413583,364
2028-11-10 01:50:40.413583,404
2028-11-11 05:37:20.413583,362
2028-11-12 09:24:00.413583,356
2028-11-13 13:10:40.413583,337
2028-11-14 16:57:20.413583,371
2028-11-15 20:44:00.413583,378
2028-11-17 00:30:40.413583,375
2028-11-18 04:17:20.413583,440
2028-11-19 08:04:00.413583,415
2028-11-20 11:50:40.413583,399
2028-11-21 15:37:20.413583,393
2028-11-22 19:24:00.413583,351
2028-11-23 23:10:40.413583,395
2028-11-25 02:57:20.413583,393
2028-11-26 06:44:00.413583,374
2028-11-27 10:30:40.413583,365
2028-11-28 14:17:20.413583,359
2028-11-29 18:04:00.413583,345
2028-11-30 21:50:40.413583,387
2028-12-02 01:37:20.413583,341
2028-12-03 05:24:00.413583,357
2028-12-04 09:10:40.413583,337
2028-12-05 12:57:20.413583,365
2028-12-06 16:44:00.413583,344
2028-12-07 20:30:40.413583,384
2028-12-09 00:17:20.413583,385
2028-12-10 04:04:00.413583,368
2028-12-11 07:50:40.413583,360
2028-12-12 11:37:20.413583,385
2028-12-13 15:24:00.413583,377
2028-12-14 19:10:40.413583,381
2028-12-15 22:57:20.413583,362
2028-12-17 02:44:00.413583,444
2028-12-18 06:30:40.413583,369
2028-12-19 10:17:20.413583,366
2028-12-20 14:04:00.413583,326
2028-12-21 17:50:40.413583,385
2028-12-22 21:37:20.413583,365
2028-12-24 01:24:00.413583,358
2028-12-25 05:10:40.413583,370
2028-12-26 08:57:20.413583,351
2028-12-27 12:44:00.413583,346
2028-12-28 16:30:40.413583,389
2028-12-29 20:17:20.413583,368
2028-12-31 00:04:00.413583,330
2029-01-01 03:50:40.413583,368
2029-01-02 07:37:20.413583,379
2029-01-03 11:24:00.413583,365
2029-01-04 15:10:40.413583,383
2029-01-05 18:57:20.413583,370
2029-01-06 22:44:00.413583,393
2029-01-08 02:30:40.413583,377
2029-01-09 06:17:20.413583,368
2029-01-10 10:04:00.413583,377
2029-01-11 13:50:40.413583,380
2029-01-12 17:37:20.413583,371
2029-01-13 21:24:00.413583,391
2029-01-15 01:10:40.413583,431
2029-01-16 04:57:20.413583,397
2029-01-17 08:44:00.413583,438
2029-01-18 12:30:40.413583,362
2029-01-19 16:17:20.413583,356
2029-01-20 20:04:00.413583,358
2029-01-21 23:50:40.413583,361
2029-01-23 03:37:20.413583,366
2029-01-24 07:24:00.413583,421
2029-01-25 11:10:40.413583,381
2029-01-26 14:57:20.413583,406
2029-01-27 18:44:00.413583,368
2029-01-28 22:30:40.413583,387
2029-01-30 02:17:20.413583,366
2029-01-31 06:04:00.413583,403
2029-02-01 09:50:40.413583,407
2029-02-02 13:37:20.413583,400
2029-02-03 17:24:00.413583,395
2029-02-04 21:10:40.413583,404
2029-02-06 00:57:20.413583,400
2029-02-07 04:44:00.413583,383
2029-02-08 08:30:40.413583,385
2029-02-09 12:17:20.413583,388
2029-02-10 16:04:00.413583,397
2029-02-11 19:50:40.413583,373
2029-02-12 23:37:20.413583,448
2029-02-14 03:24:00.413583,390
2029-02-15 07:10:40.413583,381
2029-02-16 10:57:20.413583,370
2029-02-17 14:44:00.413583,383
2029-02-18 18:30:40.413583,357
2029-02-19 22:17:20.413583,392
2029-02-21 02:04:00.413583,377
2029-02-22 05:50:40.413583,372
2029-02-23 09:37:20.413583,366
2029-02-24 13:24:00.413583,377
2029-02-25 17:10:40.413583,351
2029-02-26 20:57:20.413583,372
2029-02-28 00:44:00.413583,358
2029-03-01 04:30:40.413583,376
2029-03-02 08:17:20.413583,394
2029-03-03 12:04:00.413583,383
2029-03-04 15:50:40.413583,410
2029-03-05 19:37:20.413583,412
2029-03-06 23:24:00.413583,392
2029-03-08 03:10:40.413583,400
2029-03-09 06:57:20.413583,361
2029-03-10 10:44:00.413583,352
2029-03-11 14:30:40.413583,367
2029-03-12 18:17:20.413583,353
2029-03-13 22:04:00.413583,428
2029-03-15 01:50:40.413583,454
2029-03-16 05:37:20.413583,395
2029-03-17 09:24:00.413583,398
2029-03-18 13:10:40.413583,368
2029-03-19 16:57:20.413583,360
2029-03-20 20:44:00.413583,363
2029-03-22 00:30:40.413583,334
2029-03-23 04:17:20.413583,358
2029-03-24 08:04:00.413583,347
2029-03-25 11:50:40.413583,383
2029-03-26 15:37:20.413583,478
2029-03-27 19:24:00.413583,419
2029-03-28 23:10:40.413583,376
2029-03-30 02:57:20.413583,424
2029-03-31 06:44:00.413583,420
2029-04-01 10:30:40.413583,394
2029-04-02 14:17:20.413583,415
2029-04-03 18:04:00.413583,447
2029-04-04 21:50:40.413583,362
2029-04-06 01:37:20.413583,407
2029-04-07 05:24:00.413583,338
2029-04-08 09:10:40.413583,318
2029-04-09 12:57:20.413583,1132
2029-04-10 16:44:00.413583,397
2029-04-11 20:30:40.413583,443
2029-04-13 00:17:20.413583,363
2029-04-14 04:04:00.413583,381
2029-04-15 07:50:40.413583,358
2029-04-16 11:37:20.413583,398
2029-04-17 15:24:00.413583,387
2029-04-18 19:10:40.413583,0
2029-04-19 22:57:20.413583,4
2029-04-21 02:44:00.413583,18
2029-04-22 06:30:40.413583,404
2029-04-23 10:17:20.413583,404
2029-04-24 14:04:00.413583,407
2029-04-25 17:50:40.413583,404
2029-04-26 21:37:20.413583,403
2029-04-28 01:24:00.413583,401
2029-04-29 05:10:40.413583,401
2029-04-30 08:57:20.413583,400
2029-05-01 12:44:00.413583,417
2029-05-02 16:30:40.413583,400
2029-05-03 20:17:20.413583,404
2029-05-05 00:04:00.413583,401
2029-05-06 03:50:40.413583,403
2029-05-07 07:37:20.413583,415
2029-05-08 11:24:00.413583,401
2029-05-09 15:10:40.413583,403
2029-05-10 18:57:20.413583,401
2029-05-11 22:44:00.413583,399
2029-05-13 02:30:40.413583,414
2029-05-14 06:17:20.413583,405
2029-05-15 10:04:00.413583,400
2029-05-16 13:50:40.413583,403
2029-05-17 17:37:20.413583,402
2029-05-18 21:24:00.413583,420
2029-05-20 01:10:40.413583,398
2029-05-21 04:57:20.413583,394
2029-05-22 08:44:00.413583,391
2029-05-23 12:30:40.413583,389
2029-05-24 16:17:20.413583,360
2029-05-25 20:04:00.413583,379
2029-05-26 23:50:40.413583,369
2029-05-28 03:37:20.413583,379
2029-05-29 07:24:00.413583,386
2029-05-30 11:10:40.413583,404
2029-05-31 14:57:20.413583,410
2029-06-01 18:44:00.413583,406
2029-06-02 22:30:40.413583,393
2029-06-04 02:17:20.413583,379
2029-06-05 06:04:00.413583,385
2029-06-06 09:50:40.413583,398
2029-06-07 13:37:20.413583,362
2029-06-08 17:24:00.413583,369
2029-06-09 21:10:40.413583,371
2029-06-11 00:57:20.413583,394
2029-06-12 04:44:00.413583,379
2029-06-13 08:30:40.413583,378
2029-06-14 12:17:20.413583,382
2029-06-15 16:04:00.413583,375
2029-06-16 19:50:40.413583,390
2029-06-17 23:37:20.413583,430
2029-06-19 03:24:00.413583,422
2029-06-20 07:10:40.413583,395
2029-06-21 10:57:20.413583,391
2029-06-22 14:44:00.413583,380
2029-06-23 18:30:40.413583,354
2029-06-24 22:17:20.413583,405
2029-06-26 02:04:00.413583,413
2029-06-27 05:50:40.413583,327
2029-06-28 09:37:20.413583,393
2029-06-29 13:24:00.413583,340
2029-06-30 17:10:40.413583,363
2029-07-01 20:57:20.413583,345
2029-07-03 00:44:00.413583,354
2029-07-04 04:30:40.413583,356
2029-07-05 08:17:20.413583,414
2029-07-06 12:04:00.413583,376
2029-07-07 15:50:40.413583,381
2029-07-08 19:37:20.413583,362
2029-07-09 23:24:00.413583,348
2029-07-11 03:10:40.413583,360
2029-07-12 06:57:20.413583,333
2029-07-13 10:44:00.413583,366
2029-07-14 14:30:40.413583,369
2029-07-15 18:17:20.413583,369
2029-07-16 22:04:00.413583,348
2029-07-18 01:50:40.413583,361
2029-07-19 05:37:20.413583,343
2029-07-20 09:24:00.413583,363
2029-07-21 13:10:40.413583,368
2029-07-22 16:57:20.413583,357
2029-07-23 20:44:00.413583,428
2029-07-25 00:30:40.413583,376
2029-07-26 04:17:20.413583,394
2029-07-27 08:04:00.413583,329
2029-07-28 11:50:40.413583,341
2029-07-29 15:37:20.413583,404
2029-07-30 19:24:00.413583,342
2029-07-31 23:10:40.413583,372
2029-08-02 02:57:20.413583,429
2029-08-03 06:44:00.413583,392
2029-08-04 10:30:40.413583,421
2029-08-05 14:17:20.413583,419
2029-08-06 18:04:00.413583,406
2029-08-07 21:50:40.413583,359
2029-08-09 01:37:20.413583,348
2029-08-10 05:24:00.413583,373
2029-08-11 09:10:40.413583,389
2029-08-12 12:57:20.413583,380
2029-08-13 16:44:00.413583,378
2029-08-14 20:30:40.413583,425
2029-08-16 00:17:20.413583,380
2029-08-17 04:04:00.413583,414
2029-08-18 07:50:40.413583,401
2029-08-19 11:37:20.413583,401
2029-08-20 15:24:00.413583,404
2029-08-21 19:10:40.413583,470
2029-08-22 22:57:20.413583,390
2029-08-24 02:44:00.413583,371
2029-08-25 06:30:40.413583,383
2029-08-26 10:17:20.413583,385
2029-08-27 14:04:00.413583,382
2029-08-28 17:50:40.413583,394
2029-08-29 21:37:20.413583,375
2029-08-31 01:24:00.413583,364
2029-09-01 05:10:40.413583,360
2029-09-02 08:57:20.413583,357
2029-09-03 12:44:00.413583,401
2029-09-04 16:30:40.413583,364
2029-09-05 20:17:20.413583,437
2029-09-07 00:04:00.413583,334
2029-09-08 03:50:40.413583,353
2029-09-09 07:37:20.413583,363
2029-09-10 11:24:00.413583,364
2029-09-11 15:10:40.413583,404
2029-09-12 18:57:20.413583,362
2029-09-13 22:44:00.413583,356
2029-09-15 02:30:40.413583,337
2029-09-16 06:17:20.413583,371
2029-09-17 10:04:00.413583,378
2029-09-18 13:50:40.413583,375
2029-09-19 17:37:20.413583,440
2029-09-20 21:24:00.413583,415
2029-09-22 01:10:40.413583,399
2029-09-23 04:57:20.413583,393
2029-09-24 08:44:00.413583,351
2029-09-25 12:30:40.413583,395
2029-09-26 16:17:20.413583,393
2029-09-27 20:04:00.413583,374
2029-09-28 23:50:40.413583,365
2029-09-30 03:37:20.413583,359
2029-10-01 07:24:00.413583,345
2029-10-02 11:10:40.413583,387
2029-10-03 14:57:20.413583,341
2029-10-04 18:44:00.413583,357
2029-10-05 22:30:40.413583,337
2029-10-07 02:17:20.413583,365
2029-10-08 06:04:00.413583,344
2029-10-09 09:50:40.413583,384
2029-10-10 13:37:20.413583,385
2029-10-11 17:24:00.413583,368
2029-10-12 21:10:40.413583,360
2029-10-14 00:57:20.413583,385
2029-10-15 04:44:00.413583,377
2029-10-16 08:30:40.413583,381
2029-10-17 12:17:20.413583,362
2029-10-18 16:04:00.413583,444
2029-10-19 19:50:40.413583,369
2029-10-20 23:37:20.413583,366
2029-10-22 03:24:00.413583,326
2029-10-23 07:10:40.413583,385
2029-10-24 10:57:20.413583,365
2029-10-25 14:44:00.413583,358
2029-10-26 18:30:40.413583,370
2029-10-27 22:17:20.413583,351
2029-10-29 02:04:00.413583,346
2029-10-30 05:50:40.413583,389
2029-10-31 09:37:20.413583,368
2029-11-01 13:24:00.413583,330
2029-11-02 17:10:40.413583,368
2029-11-03 20:57:20.413583,379
2029-11-05 00:44:00.413583,365
2029-11-06 04:30:40.413583,383
2029-11-07 08:17:20.413583,370
2029-11-08 12:04:00.413583,393
2029-11-09 15:50:40.413583,377
2029-11-10 19:37:20.413583,368
2029-11-11 23:24:00.413583,377
2029-11-13 03:10:40.413583,380
2029-11-14 06:57:20.413583,371
2029-11-15 10:44:00.413583,391
2029-11-16 14:30:40.413583,431
2029-11-17 18:17:20.413583,397
2029-11-18 22:04:00.413583,438
2029-11-20 01:50:40.413583,362
2029-11-21 05:37:20.413583,356
2029-11-22 09:24:00.413583,358
2029-11-23 13:10:40.413583,361
2029-11-24 16:57:20.413583,366
2029-11-25 20:44:00.413583,421
2029-11-27 00:30:40.413583,381
2029-11-28 04:17:20.413583,406
2029-11-29 08:04:00.413583,368
2029-11-30 11:50:40.413583,387
2029-12-01 15:37:20.413583,366
2029-12-02 19:24:00.413583,403
2029-12-03 23:10:40.413583,407
2029-12-05 02:57:20.413583,400
2029-12-06 06:44:00.413583,395
2029-12-07 10:30:40.413583,404
2029-12-08 14:17:20.413583,400
2029-12-09 18:04:00.413583,383
2029-12-10 21:50:40.413583,385
2029-12-12 01:37:20.413583,388
2029-12-13 05:24:00.413583,397
2029-12-14 09:10:40.413583,373
2029-12-15 12:57:20.413583,448
2029-12-16 16:44:00.413583,390
2029-12-17 20:30:40.413583,381
2029-12-19 00:17:20.413583,370
2029-12-20 04:04:00.413583,383
2029-12-21 07:50:40.413583,357
2029-12-22 11:37:20.413583,392
2029-12-23 15:24:00.413583,377
2029-12-24 19:10:40.413583,372
2029-12-25 22:57:20.413583,366
2029-12-27 02:44:00.413583,377
2029-12-28 06:30:40.413583,351
2029-12-29 10:17:20.413583,372
2029-12-30 14:04:00.413583,358
2029-12-31 17:50:40.413583,376
2030-01-01 21:37:20.413583,394
2030-01-03 01:24:00.413583,383
2030-01-04 05:10:40.413583,410
2030-01-05 08:57:20.413583,412
2030-01-06 12:44:00.413583,392
2030-01-07 16:30:40.413583,400
2030-01-08 20:17:20.413583,361
2030-01-10 00:04:00.413583,352
2030-01-11 03:50:40.413583,367
2030-01-12 07:37:20.413583,353
2030-01-13 11:24:00.413583,428
2030-01-14 15:10:40.413583,454
2030-01-15 18:57:20.413583,395
2030-01-16 22:44:00.413583,398
2030-01-18 02:30:40.413583,368
2030-01-19 06:17:20.413583,360
2030-01-20 10:04:00.413583,363
2030-01-21 13:50:40.413583,334
2030-01-22 17:37:20.413583,358
2030-01-23 21:24:00.413583,347
2030-01-25 01:10:40.413583,383
2030-01-26 04:57:20.413583,478
2030-01-27 08:44:00.413583,419
2030-01-28 12:30:40.413583,376
2030-01-29 16:17:20.413583,424
2030-01-30 20:04:00.413583,420
2030-01-31 23:50:40.413583,394
2030-02-02 03:37:20.413583,415
2030-02-03 07:24:00.413583,447
2030-02-04 11:10:40.413583,362
2030-02-05 14:57:20.413583,407
2030-02-06 18:44:00.413583,338
2030-02-07 22:30:40.413583,318
2030-02-09 02:17:20.413583,1132
2030-02-10 06:04:00.413583,397
2030-02-11 09:50:40.413583,443
2030-02-12 13:37:20.413583,363
2030-02-13 17:24:00.413583,381
2030-02-14 21:10:40.413583,358
2030-02-16 00:57:20.413583,398
2030-02-17 04:44:00.413583,387
2030-02-18 08:30:40.413583,0
2030-02-19 12:17:20.413583,4
2030-02-20 16:04:00.413583,18
2030-02-21 19:50:40.413583,404
2030-02-22 23:37:20.413583,404
2030-02-24 03:24:00.413583,407
2030-02-25 07:10:40.413583,404
2030-02-26 10:57:20.413583,403
2030-02-27 14:44:00.413583,401
2030-02-28 18:30:40.413583,401
2030-03-01 22:17:20.413583,400
2030-03-03 02:04:00.413583,417
2030-03-04 05:50:40.413583,400
2030-03-05 09:37:20.413583,404
2030-03-06 13:24:00.413583,401
2030-03-07 17:10:40.413583,403
2030-03-08 20:57:20.413583,415
2030-03-10 00:44:00.413583,401
2030-03-11 04:30:40.413583,403
2030-03-12 08:17:20.413583,401
2030-03-13 12:04:00.413583,399
2030-03-14 15:50:40.413583,414
2030-03-15 19:37:20.413583,405
2030-03-16 23:24:00.413583,400
2030-03-18 03:10:40.413583,403
2030-03-19 06:57:20.413583,402
2030-03-20 10:44:00.413583,420
2030-03-21 14:30:40.413583,398
2030-03-22 18:17:20.413583,394
2030-03-23 22:04:00.413583,391
2030-03-25 01:50:40.413583,389
2030-03-26 05:37:20.413583,360
2030-03-27 09:24:00.413583,379
2030-03-28 13:10:40.413583,369
2030-03-29 16:57:20.413583,379
2030-03-30 20:44:00.413583,386
2030-04-01 00:30:40.413583,404
2030-04-02 04:17:20.413583,410
2030-04-03 08:04:00.413583,406
2030-04-04 11:50:40.413583,393
2030-04-05 15:37:20.413583,379
2030-04-06 19:24:00.413583,385
2030-04-07 23:10:40.413583,398
2030-04-09 02:57:20.413583,362
2030-04-10 06:44:00.413583,369
2030-04-11 10:30:40.413583,371
2030-04-12 14:17:20.413583,394
2030-04-13 18:04:00.413583,379
2030-04-14 21:50:40.413583,378
2030-04-16 01:37:20.413583,382
2030-04-17 05:24:00.413583,375
2030-04-18 09:10:40.413583,390
2030-04-19 12:57:20.413583,430
2030-04-20 16:44:00.413583,422
2030-04-21 20:30:40.413583,395
2030-04-23 00:17:20.413583,391
2030-04-24 04:04:00.413583,380
2030-04-25 07:50:40.413583,354
2030-04-26 11:37:20.413583,405
2030-04-27 15:24:00.413583,413
2030-04-28 19:10:40.413583,327
2030-04-29 22:57:20.413583,393
2030-05-01 02:44:00.413583,340
2030-05-02 06:30:40.413583,363
2030-05-03 10:17:20.413583,345
2030-05-04 14:04:00.413583,354
2030-05-05 17:50:40.413583,356
2030-05-06 21:37:20.413583,414
2030-05-08 01:24:00.413583,376
2030-05-09 05:10:40.413583,381
2030-05-10 08:57:20.413583,362
2030-05-11 12:44:00.413583,348
2030-05-12 16:30:40.413583,360
2030-05-13 20:17:20.413583,333
2030-05-15 00:04:00.413583,366
2030-05-16 03:50:40.413583,369
2030-05-17 07:37:20.413583,369
2030-05-18 11:24:00.413583,348
2030-05-19 15:10:40.413583,361
2030-05-20 18:57:20.413583,343
2030-05-21 22:44:00.413583,363
2030-05-23 02:30:40.413583,368
2030-05-24 06:17:20.413583,357
2030-05-25 10:04:00.413583,428
2030-05-26 13:50:40.413583,376
2030-05-27 17:37:20.413583,394
2030-05-28 21:24:00.413583,329
2030-05-30 01:10:40.413583,341
2030-05-31 04:57:20.413583,404
2030-06-01 08:44:00.413583,342
2030-06-02 12:30:40.413583,372
2030-06-03 16:17:20.413583,429
2030-06-04 20:04:00.413583,392
2030-06-05 23:50:40.413583,421
2030-06-07 03:37:20.413583,419
2030-06-08 07:24:00.413583,406
2030-06-09 11:10:40.413583,359
2030-06-10 14:57:20.413583,348
2030-06-11 18:44:00.413583,373
2030-06-12 22:30:40.413583,389
2030-06-14 02:17:20.413583,380
2030-06-15 06:04:00.413583,378
2030-06-16 09:50:40.413583,425
2030-06-17 13:37:20.413583,380
2030-06-18 17:24:00.413583,414
2030-06-19 21:10:40.413583,401
2030-06-21 00:57:20.413583,401
2030-06-22 04:44:00.413583,404
2030-06-23 08:30:40.413583,470
2030-06-24 12:17:20.413583,390
2030-06-25 16:04:00.413583,371
2030-06-26 19:50:40.413583,383
2030-06-27 23:37:20.413583,385
2030-06-29 03:24:00.413583,382
2030-06-30 07:10:40.413583,394
2030-07-01 10:57:20.413583,375
2030-07-02 14:44:00.413583,364
2030-07-03 18:30:40.413583,360
2030-07-04 22:17:20.413583,357
2030-07-06 02:04:00.413583,401
2030-07-07 05:50:40.413583,364
2030-07-08 09:37:20.413583,437
2030-07-09 13:24:00.413583,334
2030-07-10 17:10:40.413583,353
2030-07-11 20:57:20.413583,363
2030-07-13 00:44:00.413583,364
2030-07-14 04:30:40.413583,404
2030-07-15 08:17:20.413583,362
2030-07-16 12:04:00.413583,356
2030-07-17 15:50:40.413583,337
2030-07-18 19:37:20.413583,371
2030-07-19 23:24:00.413583,378
2030-07-21 03:10:40.413583,375
2030-07-22 06:57:20.413583,440
2030-07-23 10:44:00.413583,415
2030-07-24 14:30:40.413583,399
2030-07-25 18:17:20.413583,393
2030-07-26 22:04:00.413583,351
2030-07-28 01:50:40.413583,395
2030-07-29 05:37:20.413583,393
2030-07-30 09:24:00.413583,374
2030-07-31 13:10:40.413583,365
2030-08-01 16:57:20.413583,359
2030-08-02 20:44:00.413583,345
2030-08-04 00:30:40.413583,387
2030-08-05 04:17:20.413583,341
2030-08-06 08:04:00.413583,357
2030-08-07 11:50:40.413583,337
2030-08-08 15:37:20.413583,365
2030-08-09 19:24:00.413583,344
2030-08-10 23:10:40.413583,384
2030-08-12 02:57:20.413583,385
2030-08-13 06:44:00.413583,368
2030-08-14 10:30:40.413583,360
2030-08-15 14:17:20.413583,385
2030-08-16 18:04:00.413583,377
2030-08-17 21:50:40.413583,381
2030-08-19 01:37:20.413583,362
2030-08-20 05:24:00.413583,444
2030-08-21 09:10:40.413583,369
2030-08-22 12:57:20.413583,366
2030-08-23 16:44:00.413583,326
2030-08-24 20:30:40.413583,385
2030-08-26 00:17:20.413583,365
2030-08-27 04:04:00.413583,358
2030-08-28 07:50:40.413583,370
2030-08-29 11:37:20.413583,351
2030-08-30 15:24:00.413583,346
2030-08-31 19:10:40.413583,389
2030-09-01 22:57:20.413583,368
2030-09-03 02:44:00.413583,330
2030-09-04 06:30:40.413583,368
2030-09-05 10:17:20.413583,379
2030-09-06 14:04:00.413583,365
2030-09-07 17:50:40.413583,383
2030-09-08 21:37:20.413583,370
2030-09-10 01:24:00.413583,393
2030-09-11 05:10:40.413583,377
2030-09-12 08:57:20.413583,368
2030-09-13 12:44:00.413583,377
2030-09-14 16:30:40.413583,380
2030-09-15 20:17:20.413583,371
2030-09-17 00:04:00.413583,391
2030-09-18 03:50:40.413583,431
2030-09-19 07:37:20.413583,397
2030-09-20 11:24:00.413583,438
2030-09-21 15:10:40.413583,362
2030-09-22 18:57:20.413583,356
2030-09-23 22:44:00.413583,358
2030-09-25 02:30:40.413583,361
2030-09-26 06:17:20.413583,366
2030-09-27 10:04:00.413583,421
2030-09-28 13:50:40.413583,381
2030-09-29 17:37:20.413583,406
2030-09-30 21:24:00.413583,368
2030-10-02 01:10:40.413583,387
2030-10-03 04:57:20.413583,366
2030-10-04 08:44:00.413583,403
2030-10-05 12:30:40.413583,407
2030-10-06 16:17:20.413583,400
2030-10-07 20:04:00.413583,395
2030-10-08 23:50:40.413583,404
2030-10-10 03:37:20.413583,400
2030-10-11 07:24:00.413583,383
2030-10-12 11:10:40.413583,385
2030-10-13 14:57:20.413583,388
2030-10-14 18:44:00.413583,397
2030-10-15 22:30:40.413583,373
2030-10-17 02:17:20.413583,448
2030-10-18 06:04:00.413583,390
2030-10-19 09:50:40.413583,381
2030-10-20 13:37:20.413583,370
2030-10-21 17:24:00.413583,383
2030-10-22 21:10:40.413583,357
2030-10-24 00:57:20.413583,392
2030-10-25 04:44:00.413583,377
2030-10-26 08:30:40.413583,372
2030-10-27 12:17:20.413583,366
2030-10-28 16:04:00.413583,377
2030-10-29 19:50:40.413583,351
2030-10-30 23:37:20.413583,372
2030-11-01 03:24:00.413583,358
2030-11-02 07:10:40.413583,376
2030-11-03 10:57:20.413583,394
2030-11-04 14:44:00.413583,383
2030-11-05 18:30:40.413583,410
2030-11-06 22:17:20.413583,412
2030-11-08 02:04:00.413583,392
2030-11-09 05:50:40.413583,400
2030-11-10 09:37:20.413583,361
2030-11-11 13:24:00.413583,352
2030-11-12 17:10:40.413583,367
2030-11-13 20:57:20.413583,353
2030-11-15 00:44:00.413583,428
2030-11-16 04:30:40.413583,454
2030-11-17 08:17:20.413583,395
2030-11-18 12:04:00.413583,398
2030-11-19 15:50:40.413583,368
2030-11-20 19:37:20.413583,360
2030-11-21 23:24:00.413583,363
2030-11-23 03:10:40.413583,334
2030-11-24 06:57:20.413583,358
2030-11-25 10:44:00.413583,347
2030-11-26 14:30:40.413583,383
2030-11-27 18:17:20.413583,478
2030-11-28 22:04:00.413583,419
2030-11-30 01:50:40.413583,376
2030-12-01 05:37:20.413583,424
2030-12-02 09:24:00.413583,420
2030-12-03 13:10:40.413583,394
2030-12-04 16:57:20.413583,415
2030-12-05 20:44:00.413583,447
2030-12-07 00:30:40.413583,362
2030-12-08 04:17:20.413583,407
2030-12-09 08:04:00.413583,338
2030-12-10 11:50:40.413583,318
2030-12-11 15:37:20.413583,1132
2030-12-12 19:24:00.413583,397
2030-12-13 23:10:40.413583,443
2030-12-15 02:57:20.413583,363
2030-12-16 06:44:00.413583,381
2030-12-17 10:30:40.413583,358
2030-12-18 14:17:20.413583,398
2030-12-19 18:04:00.413583,387
2030-12-20 21:50:40.413583,0
2030-12-22 01:37:20.413583,4
2030-12-23 05:24:00.413583,18
2030-12-24 09:10:40.413583,404
2030-12-25 12:57:20.413583,404
2030-12-26 16:44:00.413583,407
2030-12-27 20:30:40.413583,404
2030-12-29 00:17:20.413583,403
2030-12-30 04:04:00.413583,401
2030-12-31 07:50:40.413583,401
2031-01-01 11:37:20.413583,400
2031-01-02 15:24:00.413583,417
2031-01-03 19:10:40.413583,400
2031-01-04 22:57:20.413583,404
2031-01-06 02:44:00.413583,401
2031-01-07 06:30:40.413583,403
2031-01-08 10:17:20.413583,415
2031-01-09 14:04:00.413583,401
2031-01-10 17:50:40.413583,403
2031-01-11 21:37:20.413583,401
2031-01-13 01:24:00.413583,399
2031-01-14 05:10:40.413583,414
2031-01-15 08:57:20.413583,405
2031-01-16 12:44:00.413583,400
2031-01-17 16:30:40.413583,403
2031-01-18 20:17:20.413583,402
2031-01-20 00:04:00.413583,420
2031-01-21 03:50:40.413583,398
2031-01-22 07:37:20.413583,394
2031-01-23 11:24:00.413583,391
2031-01-24 15:10:40.413583,389
2031-01-25 18:57:20.413583,360
2031-01-26 22:44:00.413583,379
2031-01-28 02:30:40.413583,369
2031-01-29 06:17:20.413583,379
2031-01-30 10:04:00.413583,386
2031-01-31 13:50:40.413583,404
2031-02-01 17:37:20.413583,410
2031-02-02 21:24:00.413583,406
2031-02-04 01:10:40.413583,393
2031-02-05 04:57:20.413583,379
2031-02-06 08:44:00.413583,385
2031-02-07 12:30:40.413583,398
2031-02-08 16:17:20.413583,362
2031-02-09 20:04:00.413583,369
2031-02-10 23:50:40.413583,371
2031-02-12 03:37:20.413583,394
2031-02-13 07:24:00.413583,379
2031-02-14 11:10:40.413583,378
2031-02-15 14:57:20.413583,382
2031-02-16 18:44:00.413583,375
2031-02-17 22:30:40.413583,390
2031-02-19 02:17:20.413583,430
2031-02-20 06:04:00.413583,422
2031-02-21 09:50:40.413583,395
2031-02-22 13:37:20.413583,391
2031-02-23 17:24:00.413583,380
2031-02-24 21:10:40.413583,354
2031-02-26 00:57:20.413583,405
2031-02-27 04:44:00.413583,413
2031-02-28 08:30:40.413583,327
2031-03-01 12:17:20.413583,393
2031-03-02 16:04:00.413583,340
2031-03-03 19:50:40.413583,363
2031-03-04 23:37:20.413583,345
2031-03-06 03:24:00.413583,354
2031-03-07 07:10:40.413583,356
2031-03-08 10:57:20.413583,414
2031-03-09 14:44:00.413583,376
2031-03-10 18:30:40.413583,381
2031-03-11 22:17:20.413583,362
2031-03-13 02:04:00.413583,348
2031-03-14 05:50:40.413583,360
2031-03-15 09:37:20.413583,333
2031-03-16 13:24:00.413583,366
2031-03-17 17:10:40.413583,369
2031-03-18 20:57:20.413583,369
2031-03-20 00:44:00.413583,348
2031-03-21 04:30:40.413583,361
2031-03-22 08:17:20.413583,343
2031-03-23 12:04:00.413583,363
2031-03-24 15:50:40.413583,368
2031-03-25 19:37:20.413583,357
2031-03-26 23:24:00.413583,428
2031-03-28 03:10:40.413583,376
2031-03-29 06:57:20.413583,394
2031-03-30 10:44:00.413583,329
2031-03-31 14:30:40.413583,341
2031-04-01 18:17:20.413583,404
2031-04-02 22:04:00.413583,342
2031-04-04 01:50:40.413583,372
2031-04-05 05:37:20.413583,429
2031-04-06 09:24:00.413583,392
2031-04-07 13:10:40.413583,421
2031-04-08 16:57:20.413583,419
2031-04-09 20:44:00.413583,406
2031-04-11 00:30:40.413583,359
2031-04-12 04:17:20.413583,348
2031-04-13 08:04:00.413583,373
2031-04-14 11:50:40.413583,389
2031-04-15 15:37:20.413583,380
2031-04-16 19:24:00.413583,378
2031-04-17 23:10:40.413583,425
2031-04-19 02:57:20.413583,380
2031-04-20 06:44:00.413583,414
2031-04-21 10:30:40.413583,401
2031-04-22 14:17:20.413583,401
2031-04-23 18:04:00.413583,404
2031-04-24 21:50:40.413583,470
2031-04-26 01:37:20.413583,390
2031-04-27 05:24:00.413583,371
2031-04-28 09:10:40.413583,383
2031-04-29 12:57:20.413583,385
2031-04-30 16:44:00.413583,382
2031-05-01 20:30:40.413583,394
2031-05-03 00:17:20.413583,375
2031-05-04 04:04:00.413583,364
2031-05-05 07:50:40.413583,360
2031-05-06 11:37:20.413583,357
2031-05-07 15:24:00.413583,401
2031-05-08 19:10:40.413583,364
2031-05-09 22:57:20.413583,437
2031-05-11 02:44:00.413583,334
2031-05-12 06:30:40.413583,353
2031-05-13 10:17:20.413583,363
2031-05-14 14:04:00.413583,364
2031-05-15 17:50:40.413583,404
2031-05-16 21:37:20.413583,362
2031-05-18 01:24:00.413583,356
2031-05-19 05:10:40.413583,337
2031-05-20 08:57:20.413583,371
2031-05-21 12:44:00.413583,378
2031-05-22 16:30:40.413583,375
2031-05-23 20:17:20.413583,440
2031-05-25 00:04:00.413583,415
2031-05-26 03:50:40.413583,399
2031-05-27 07:37:20.413583,393
2031-05-28 11:24:00.413583,351
2031-05-29 15:10:40.413583,395
2031-05-30 18:57:20.413583,393
2031-05-31 22:44:00.413583,374
2031-06-02 02:30:40.413583,365
2031-06-03 06:17:20.413583,359
2031-06-04 10:04:00.413583,345
2031-06-05 13:50:40.413583,387
2031-06-06 17:37:20.413583,341
2031-06-07 21:24:00.413583,357
2031-06-09 01:10:40.413583,337
2031-06-10 04:57:20.413583,365
2031-06-11 08:44:00.413583,344
2031-06-12 12:30:40.413583,384
2031-06-13 16:17:20.413583,385
2031-06-14 20:04:00.413583,368
2031-06-15 23:50:40.413583,360
2031-06-17 03:37:20.413583,385
2031-06-18 07:24:00.413583,377
2031-06-19 11:10:40.413583,381
2031-06-20 14:57:20.413583,362
2031-06-21 18:44:00.413583,444
2031-06-22 22:30:40.413583,369
2031-06-24 02:17:20.413583,366
2031-06-25 06:04:00.413583,326
2031-06-26 09:50:40.413583,385
2031-06-27 13:37:20.413583,365
2031-06-28 17:24:00.413583,358
2031-06-29 21:10:40.413583,370
2031-07-01 00:57:20.413583,351
2031-07-02 04:44:00.413583,346
2031-07-03 08:30:40.413583,389
2031-07-04 12:17:20.413583,368
2031-07-05 16:04:00.413583,330
2031-07-06 19:50:40.413583,368
2031-07-07 23:37:20.413583,379
2031-07-09 03:24:00.413583,365
2031-07-10 07:10:40.413583,383
2031-07-11 10:57:20.413583,370
2031-07-12 14:44:00.413583,393
2031-07-13 18:30:40.413583,377
2031-07-14 22:17:20.413583,368
2031-07-16 02:04:00.413583,377
2031-07-17 05:50:40.413583,380
2031-07-18 09:37:20.413583,371
2031-07-19 13:24:00.413583,391
2031-07-20 17:10:40.413583,431
2031-07-21 20:57:20.413583,397
2031-07-23 00:44:00.413583,438
2031-07-24 04:30:40.413583,362
2031-07-25 08:17:20.413583,356
2031-07-26 12:04:00.413583,358
2031-07-27 15:50:40.413583,361
2031-07-28 19:37:20.413583,366
2031-07-29 23:24:00.413583,421
2031-07-31 03:10:40.413583,381
2031-08-01 06:57:20.413583,406
2031-08-02 10:44:00.413583,368
2031-08-03 14:30:40.413583,387
2031-08-04 18:17:20.413583,366
2031-08-05 22:04:00.413583,403
2031-08-07 01:50:40.413583,407
2031-08-08 05:37:20.413583,400
2031-08-09 09:24:00.413583,395
2031-08-10 13:10:40.413583,404
2031-08-11 16:57:20.413583,400
2031-08-12 20:44:00.413583,383
2031-08-14 00:30:40.413583,385
2031-08-15 04:17:20.413583,388
2031-08-16 08:04:00.413583,397
2031-08-17 11:50:40.413583,373
2031-08-18 15:37:20.413583,448
2031-08-19 19:24:00.413583,390
2031-08-20 23:10:40.413583,381
2031-08-22 02:57:20.413583,370
2031-08-23 06:44:00.413583,383
2031-08-24 10:30:40.413583,357
2031-08-25 14:17:20.413583,392
2031-08-26 18:04:00.413583,377
2031-08-27 21:50:40.413583,372
2031-08-29 01:37:20.413583,366
2031-08-30 05:24:00.413583,377
2031-08-31 09:10:40.413583,351
2031-09-01 12:57:20.413583,372
2031-09-02 16:44:00.413583,358
2031-09-03 20:30:40.413583,376
2031-09-05 00:17:20.413583,394
2031-09-06 04:04:00.413583,383
2031-09-07 07:50:40.413583,410
2031-09-08 11:37:20.413583,412
2031-09-09 15:24:00.413583,392
2031-09-10 19:10:40.413583,400
2031-09-11 22:57:20.413583,361
2031-09-13 02:44:00.413583,352
2031-09-14 06:30:40.413583,367
2031-09-15 10:17:20.413583,353
2031-09-16 14:04:00.413583,428
2031-09-17 17:50:40.413583,454
2031-09-18 21:37:20.413583,395
2031-09-20 01:24:00.413583,398
2031-09-21 05:10:40.413583,368
2031-09-22 08:57:20.413583,360
2031-09-23 12:44:00.413583,363
2031-09-24 16:30:40.413583,334
2031-09-25 20:17:20.413583,358
2031-09-27 00:04:00.413583,347
2031-09-28 03:50:40.413583,383
2031-09-29 07:37:20.413583,478
2031-09-30 11:24:00.413583,419
2031-10-01 15:10:40.413583,376
2031-10-02 18:57:20.413583,424
2031-10-03 22:44:00.413583,420
2031-10-05 02:30:40.413583,394
2031-10-06 06:17:20.413583,415
2031-10-07 10:04:00.413583,447
2031-10-08 13:50:40.413583,362
2031-10-09 17:37:20.413583,407
2031-10-10 21:24:00.413583,338
2031-10-12 01:10:40.413583,318
2031-10-13 04:57:20.413583,1132
2031-10-14 08:44:00.413583,397
2031-10-15 12:30:40.413583,443
2031-10-16 16:17:20.413583,363
2031-10-17 20:04:00.413583,381
2031-10-18 23:50:40.413583,358
2031-10-20 03:37:20.413583,398
2031-10-21 07:24:00.413583,387
2031-10-22 11:10:40.413583,0
2031-10-23 14:57:20.413583,4
2031-10-24 18:44:00.413583,18
2031-10-25 22:30:40.413583,404
2031-10-27 02:17:20.413583,404
2031-10-28 06:04:00.413583,407
2031-10-29 09:50:40.413583,404
2031-10-30 13:37:20.413583,403
2031-10-31 17:24:00.413583,401
2031-11-01 21:10:40.413583,401
2031-11-03 00:57:20.413583,400
2031-11-04 04:44:00.413583,417
2031-11-05 08:30:40.413583,400
2031-11-06 12:17:20.413583,404
2031-11-07 16:04:00.413583,401
2031-11-08 19:50:40.413583,403
2031-11-09 23:37:20.413583,415
2031-11-11 03:24:00.413583,401
2031-11-12 07:10:40.413583,403
2031-11-13 10:57:20.413583,401
2031-11-14 14:44:00.413583,399
2031-11-15 18:30:40.413583,414
2031-11-16 22:17:20.413583,405
2031-11-18 02:04:00.413583,400
2031-11-19 05:50:40.413583,403
2031-11-20 09:37:20.413583,402
2031-11-21 13:24:00.413583,420
2031-11-22 17:10:40.413583,398
2031-11-23 20:57:20.413583,394
2031-11-25 00:44:00.413583,391
2031-11-26 04:30:40.413583,389
2031-11-27 08:17:20.413583,360
2031-11-28 12:04:00.413583,379
2031-11-29 15:50:40.413583,369
2031-11-30 19:37:20.413583,379
2031-12-01 23:24:00.413583,386
2031-12-03 03:10:40.413583,404
2031-12-04 06:57:20.413583,410
2031-12-05 10:44:00.413583,406
2031-12-06 14:30:40.413583,393
2031-12-07 18:17:20.413583,379
2031-12-08 22:04:00.413583,385
2031-12-10 01:50:40.413583,398
2031-12-11 05:37:20.413583,362
2031-12-12 09:24:00.413583,369
2031-12-13 13:10:40.413583,371
2031-12-14 16:57:20.413583,394
2031-12-15 20:44:00.413583,379
2031-12-17 00:30:40.413583,378
2031-12-18 04:17:20.413583,382
2031-12-19 08:04:00.413583,375
2031-12-20 11:50:40.413583,390
2031-12-21 15:37:20.413583,430
2031-12-22 19:24:00.413583,422
2031-12-23 23:10:40.413583,395
2031-12-25 02:57:20.413583,391
2031-12-26 06:44:00.413583,380
2031-12-27 10:30:40.413583,354
2031-12-28 14:17:20.413583,405
2031-12-29 18:04:00.413583,413
2031-12-30 21:50:40.413583,327
2032-01-01 01:37:20.413583,393
2032-01-02 05:24:00.413583,340
2032-01-03 09:10:40.413583,363
2032-01-04 12:57:20.413583,345
2032-01-05 16:44:00.413583,354
2032-01-06 20:30:40.413583,356
2032-01-08 00:17:20.413583,414
2032-01-09 04:04:00.413583,376
2032-01-10 07:50:40.413583,381
2032-01-11 11:37:20.413583,362
2032-01-12 15:24:00.413583,348
2032-01-13 19:10:40.413583,360
2032-01-14 22:57:20.413583,333
2032-01-16 02:44:00.413583,366
2032-01-17 06:30:40.413583,369
2032-01-18 10:17:20.413583,369
2032-01-19 14:04:00.413583,348
2032-01-20 17:50:40.413583,361
2032-01-21 21:37:20.413583,343
2032-01-23 01:24:00.413583,363
2032-01-24 05:10:40.413583,368
2032-01-25 08:57:20.413583,357
2032-01-26 12:44:00.413583,428
2032-01-27 16:30:40.413583,376
2032-01-28 20:17:20.413583,394
2032-01-30 00:04:00.413583,329
2032-01-31 03:50:40.413583,341
2032-02-01 07:37:20.413583,404
2032-02-02 11:24:00.413583,342
2032-02-03 15:10:40.413583,372
2032-02-04 18:57:20.413583,429
2032-02-05 22:44:00.413583,392
2032-02-07 02:30:40.413583,421
2032-02-08 06:17:20.413583,419
2032-02-09 10:04:00.413583,406
2032-02-10 13:50:40.413583,359
2032-02-11 17:37:20.413583,348
2032-02-12 21:24:00.413583,373
2032-02-14 01:10:40.413583,389
2032-02-15 04:57:20.413583,380
2032-02-16 08:44:00.413583,378
2032-02-17 12:30:40.413583,425
2032-02-18 16:17:20.413583,380
2032-02-19 20:04:00.413583,414
2032-02-20 23:50:40.413583,401
2032-02-22 03:37:20.413583,401
2032-02-23 07:24:00.413583,404
2032-02-24 11:10:40.413583,470
2032-02-25 14:57:20.413583,390
2032-02-26 18:44:00.413583,371
2032-02-27 22:30:40.413583,383
2032-02-29 02:17:20.413583,385
2032-03-01 06:04:00.413583,382
2032-03-02 09:50:40.413583,394
2032-03-03 13:37:20.413583,375
2032-03-04 17:24:00.413583,364
2032-03-05 21:10:40.413583,360
2032-03-07 00:57:20.413583,357
2032-03-08 04:44:00.413583,401
2032-03-09 08:30:40.413583,364
2032-03-10 12:17:20.413583,437
2032-03-11 16:04:00.413583,334
2032-03-12 19:50:40.413583,353
2032-03-13 23:37:20.413583,363
2032-03-15 03:24:00.413583,364
2032-03-16 07:10:40.413583,404
2032-03-17 10:57:20.413583,362
2032-03-18 14:44:00.413583,356
2032-03-19 18:30:40.413583,337
2032-03-20 22:17:20.413583,371
2032-03-22 02:04:00.413583,378
2032-03-23 05:50:40.413583,375
2032-03-24 09:37:20.413583,440
2032-03-25 13:24:00.413583,415
2032-03-26 17:10:40.413583,399
2032-03-27 20:57:20.413583,393
2032-03-29 00:44:00.413583,351
2032-03-30 04:30:40.413583,395
2032-03-31 08:17:20.413583,393
2032-04-01 12:04:00.413583,374
2032-04-02 15:50:40.413583,365
2032-04-03 19:37:20.413583,359
2032-04-04 23:24:00.413583,345
2032-04-06 03:10:40.413583,387
2032-04-07 06:57:20.413583,341
2032-04-08 10:44:00.413583,357
2032-04-09 14:30:40.413583,337
2032-04-10 18:17:20.413583,365
2032-04-11 22:04:00.413583,344
2032-04-13 01:50:40.413583,384
2032-04-14 05:37:20.413583,385
2032-04-15 09:24:00.413583,368
2032-04-16 13:10:40.413583,360
2032-04-17 16:57:20.413583,385
2032-04-18 20:44:00.413583,377
2032-04-20 00:30:40.413583,381
2032-04-21 04:17:20.413583,362
2032-04-22 08:04:00.413583,444
2032-04-23 11:50:40.413583,369
2032-04-24 15:37:20.413583,366
2032-04-25 19:24:00.413583,326
2032-04-26 23:10:40.413583,385
2032-04-28 02:57:20.413583,365
2032-04-29 06:44:00.413583,358
2032-04-30 10:30:40.413583,370
2032-05-01 14:17:20.413583,351
2032-05-02 18:04:00.413583,346
2032-05-03 21:50:40.413583,389
2032-05-05 01:37:20.413583,368
2032-05-06 05:24:00.413583,330
2032-05-07 09:10:40.413583,368
2032-05-08 12:57:20.413583,379
2032-05-09 16:44:00.413583,365
2032-05-10 20:30:40.413583,383
2032-05-12 00:17:20.413583,370
2032-05-13 04:04:00.413583,393
2032-05-14 07:50:40.413583,377
2032-05-15 11:37:20.413583,368
2032-05-16 15:24:00.413583,377
2032-05-17 19:10:40.413583,380
2032-05-18 22:57:20.413583,371
2032-05-20 02:44:00.413583,391
2032-05-21 06:30:40.413583,431
2032-05-22 10:17:20.413583,397
2032-05-23 14:04:00.413583,438
2032-05-24 17:50:40.413583,362
2032-05-25 21:37:20.413583,356
2032-05-27 01:24:00.413583,358
2032-05-28 05:10:40.413583,361
2032-05-29 08:57:20.413583,366
2032-05-30 12:44:00.413583,421
2032-05-31 16:30:40.413583,381
2032-06-01 20:17:20.413583,406
2032-06-03 00:04:00.413583,368
2032-06-04 03:50:40.413583,387
2032-06-05 07:37:20.413583,366
2032-06-06 11:24:00.413583,403
2032-06-07 15:10:40.413583,407
2032-06-08 18:57:20.413583,400
2032-06-09 22:44:00.413583,395
2032-06-11 02:30:40.413583,404
2032-06-12 06:17:20.413583,400
2032-06-13 10:04:00.413583,383
2032-06-14 13:50:40.413583,385
2032-06-15 17:37:20.413583,388
2032-06-16 21:24:00.413583,397
2032-06-18 01:10:40.413583,373
2032-06-19 04:57:20.413583,448
2032-06-20 08:44:00.413583,390
2032-06-21 12:30:40.413583,381
2032-06-22 16:17:20.413583,370
2032-06-23 20:04:00.413583,383
2032-06-24 23:50:40.413583,357
2032-06-26 03:37:20.413583,392
2032-06-27 07:24:00.413583,377
2032-06-28 11:10:40.413583,372
2032-06-29 14:57:20.413583,366
2032-06-30 18:44:00.413583,377
2032-07-01 22:30:40.413583,351
2032-07-03 02:17:20.413583,372
2032-07-04 06:04:00.413583,358
2032-07-05 09:50:40.413583,376
2032-07-06 13:37:20.413583,394
2032-07-07 17:24:00.413583,383
2032-07-08 21:10:40.413583,410
2032-07-10 00:57:20.413583,412
2032-07-11 04:44:00.413583,392
2032-07-12 08:30:40.413583,400
2032-07-13 12:17:20.413583,361
2032-07-14 16:04:00.413583,352
2032-07-15 19:50:40.413583,367
2032-07-16 23:37:20.413583,353
2032-07-18 03:24:00.413583,428
2032-07-19 07:10:40.413583,454
2032-07-20 10:57:20.413583,395
2032-07-21 14:44:00.413583,398
2032-07-22 18:30:40.413583,368
2032-07-23 22:17:20.413583,360
2032-07-25 02:04:00.413583,363
2032-07-26 05:50:40.413583,334
2032-07-27 09:37:20.413583,358
2032-07-28 13:24:00.413583,347
2032-07-29 17:10:40.413583,383
2032-07-30 20:57:20.413583,478
2032-08-01 00:44:00.413583,419
2032-08-02 04:30:40.413583,376
2032-08-03 08:17:20.413583,424
2032-08-04 12:04:00.413583,420
2032-08-05 15:50:40.413583,394
2032-08-06 19:37:20.413583,415
2032-08-07 23:24:00.413583,447
2032-08-09 03:10:40.413583,362
2032-08-10 06:57:20.413583,407
2032-08-11 10:44:00.413583,338
2032-08-12 14:30:40.413583,318
2032-08-13 18:17:20.413583,1132
2032-08-14 22:04:00.413583,397
2032-08-16 01:50:40.413583,443
2032-08-17 05:37:20.413583,363
2032-08-18 09:24:00.413583,381
2032-08-19 13:10:40.413583,358
2032-08-20 16:57:20.413583,398
